replicate,slot,planted_delta,current_linear_r2,current_rff_r2,history_r2,delta_vs_linear,delta_vs_rff,mae_advantage_vs_linear,mae_advantage_vs_rff,oracle_current_r2,oracle_history_r2,realized_oracle_delta
0,0,0.0,0.4260454617563888,0.42069791712123283,0.4150766707397652,-0.010968791016623625,-0.005621246381467659,-0.006108871299633334,-0.0020656597176716973,0.5051454844961059,0.5051454844961059,0.0
0,0,0.01,0.42516335660871063,0.41995084126218474,0.42667151807644954,0.001508161467738911,0.006720676814264803,0.0017032869036206488,0.005555862253291299,0.505522905932367,0.515099438655262,0.009576532722894937
0,0,0.05,0.42309936988915176,0.4179729392648037,0.47385740548146926,0.05075803559231751,0.05588446621666554,0.02977311662465898,0.03447803902194668,0.5053648977411491,0.5552407621328026,0.04987586439165348
0,0,0.1,0.4209126730352295,0.4157808345028583,0.532882833702803,0.11197016066757348,0.11710199919994468,0.06501801266900831,0.0685678957598338,0.5047671138459224,0.6053652491484893,0.1005981353025669
0,1,0.0,0.40275298380731306,0.3913630846297964,0.3931914643890796,-0.009561519418233466,0.001828379759283183,-0.0026068658528423105,0.0028527191004497077,0.5061374728072321,0.5061374728072321,0.0
0,1,0.01,0.40480579736467237,0.3944919144890596,0.40618648335431584,0.0013806859896434709,0.011694568865256216,0.003821640496357692,0.009473606811456037,0.5075662768431137,0.5167836826549498,0.009217405811836055
0,1,0.05,0.40893047400879456,0.39995511173038856,0.4545980870648979,0.04566761305610334,0.05464297533450935,0.028519277628021755,0.034927136298947836,0.5103294644181611,0.5563306802706892,0.04600121585252814
0,1,0.1,0.4131639692992305,0.4051282004154735,0.514455297284437,0.10129132798520646,0.10932709686896347,0.06054399250989917,0.06647860660948568,0.5131320610994443,0.6051971255100499,0.09206506441060558
0,2,0.0,0.4298779266506254,0.41979346370268533,0.4213288502104424,-0.00854907644018299,0.001535386507757086,-0.0040035513924873145,0.002158814935766973,0.5008193472533742,0.5008193472533742,0.0
0,2,0.01,0.4311912531306282,0.422190142553978,0.4326753673136373,0.0014841141830090887,0.010485224759659295,-0.00012533532707470485,0.006370366916323311,0.5055611603654943,0.5106814934256654,0.005120333060171123
0,2,0.05,0.4323523679467304,0.42492226205470895,0.4791952248145822,0.046842856867851834,0.054272962759873256,0.02341147928344156,0.02988166520713198,0.5109547031298807,0.550995150580637,0.0400404474507563
0,2,0.1,0.432966334653758,0.42680757408030445,0.537636801264,0.10467046661024204,0.11082922718369559,0.05508731328708083,0.06249090303653304,0.5144554612005927,0.6016080085449005,0.08715254734430777
0,3,0.0,0.42351031852771637,0.423634212005329,0.41404052762969057,-0.009469790898025798,-0.009593684375638456,-0.005289072720751076,-0.0064590350848685585,0.4894825593040203,0.4894825593040203,0.0
0,3,0.01,0.42076244151639497,0.4208300933857928,0.4203229842160351,-0.00043945730035988007,-0.0005071091697577135,-0.0006140177685572956,-0.0017817427068136382,0.48747881330258536,0.4950055048085392,0.007526691505953864
0,3,0.05,0.41594382283420706,0.41560834844605654,0.4622458592841877,0.046302036449980655,0.04663751083813117,0.023755534597610373,0.024038537067538446,0.4845973798051654,0.5316828002721501,0.04708542046698472
0,3,0.1,0.4112417789843176,0.41035417873200897,0.5190357058129895,0.10779392682867195,0.10868152708098056,0.05822851551604491,0.059934367215567996,0.4820602526138209,0.5813371713581166,0.09927691874429567
0,4,0.0,0.4192239786025086,0.4172577325280922,0.4056477452697653,-0.01357623333274327,-0.011609987258326848,-0.00682836299987255,-0.005824741352495999,0.5048853061191849,0.5048853061191849,0.0
0,4,0.01,0.41365434222248754,0.4111200580346631,0.41472068510603755,0.0010663428835500088,0.0036006270713744293,0.00027309164220379323,0.0015107207272970768,0.5009118383169173,0.5126505132268417,0.011738674909924418
0,4,0.05,0.40752249979180855,0.40383533117035575,0.45807520917580136,0.05055270938399281,0.05423987800544561,0.026712186240133273,0.028422191057935864,0.49617450083871373,0.5490682523595916,0.05289375152087783
0,4,0.1,0.40362132412077467,0.3987560476758033,0.5143664788428657,0.11074515472209101,0.11561043116706238,0.05925942340985835,0.06129647666865168,0.49278199371080544,0.596208094975164,0.10342610126435858
0,5,0.0,0.4308824758203358,0.4201593977995459,0.41636554338667053,-0.014516932433665253,-0.003793854412875386,-0.008267333967901247,-0.0022908221623165748,0.4948943238800958,0.4948943238800958,0.0
0,5,0.01,0.4307090185776761,0.42089071515643983,0.4252275776792941,-0.005481440898381984,0.004336862522854257,-0.0016304623639779026,0.0033525087913837126,0.49539862810965063,0.5024728388597044,0.0070742107500537665
0,5,0.05,0.42986703861029507,0.42157671231074256,0.47016892072359784,0.04030188211330277,0.048592208412855276,0.026324946232200497,0.029891187518042095,0.49556286455173915,0.5412989955324985,0.04573613098075935
0,5,0.1,0.4287178869740649,0.4218113859666017,0.5286634622601474,0.0999455752860825,0.10685207629354565,0.06196134977613299,0.06484988663483182,0.4952475073176258,0.5919159550599952,0.09666844774236938
1,0,0.0,0.3973368532148902,0.3844073811054045,0.39458639306775656,-0.0027504601471336487,0.010179011962352047,-0.0014658840844193888,0.005170479964195951,0.4756139512387274,0.4756139512387274,0.0
1,0,0.01,0.39906711488197966,0.387260856458156,0.41239513844015596,0.013328023558176305,0.025134281981999962,0.0065777593932104805,0.01323303895958361,0.47768393973088374,0.4913069097507561,0.013622970019872338
1,0,0.05,0.4026006527862017,0.39219147325395476,0.4665782243210359,0.06397757153483419,0.07438675106708115,0.03385472237053122,0.03927439963820545,0.4813194606159521,0.5385871819498886,0.05726772133393654
1,0,0.1,0.4064612814574853,0.39703310537276126,0.5297067271399949,0.12324544568250961,0.13267362176723363,0.06756489580225122,0.07248603290201405,0.48497353341283145,0.5935249144436923,0.10855138103086082
1,1,0.0,0.39322568784834344,0.3827562861380245,0.38357709722831546,-0.009648590620027986,0.0008208110902909738,-0.005673543052864605,0.0009831883564314081,0.4652564255345777,0.4652564255345777,0.0
1,1,0.01,0.3933215097137108,0.38244220010473884,0.39739396308703656,0.004072453373325735,0.014951762982297723,0.0008130319302335209,0.007103809429374719,0.4671649575228658,0.4772247485914983,0.010059791068632529
1,1,0.05,0.3948797200311617,0.3840841807092238,0.44804003412134796,0.05316031409018629,0.06395585341212418,0.026750462994402424,0.031997121984220445,0.4710339323683176,0.5211238831866913,0.05008995081837375
1,1,0.1,0.39727669562501067,0.38701375840027197,0.5102435515927448,0.11296685596773415,0.12322979319247285,0.060653678579634995,0.06584966282045346,0.4750881354996366,0.5750571245421098,0.0999689890424732
1,2,0.0,0.4263164805689478,0.41971411219016275,0.42401369587225757,-0.0023027846966902077,0.004299583682094821,-0.00015505737087673221,0.002993398572366357,0.501521463030517,0.501521463030517,0.0
1,2,0.01,0.42568357481080754,0.4190521505062359,0.43172351326988867,0.006039938459081129,0.012671362763652771,0.0031456611322847605,0.006625489126461215,0.5007620912489783,0.5081665369117881,0.007404445662809844
1,2,0.05,0.4248544632221769,0.4183029699840124,0.47504379763279725,0.050189334410620345,0.05674082764878485,0.025705631758714653,0.028725066395178134,0.49911251180017036,0.5456504489873206,0.04653793718715027
1,2,0.1,0.42409420300713474,0.4176867108801918,0.5322841340832234,0.10818993107608865,0.11459742320303157,0.057939845106411925,0.060691243290433516,0.49726174832159964,0.5952097950991722,0.09794804677757252
1,3,0.0,0.4438413215485627,0.438136471838096,0.4371695997976449,-0.006671721750917792,-0.0009668720404510944,-0.003327915477113086,-0.0005179202276829331,0.5062667117675227,0.5062667117675227,0.0
1,3,0.01,0.442821828077927,0.4368659517072927,0.4543351276887624,0.011513299610835359,0.017469175981469687,0.0072364468397064785,0.010001359615140148,0.506397687690803,0.52158514256388,0.015187454873077044
1,3,0.05,0.4418766359668205,0.43578283940948115,0.5045799328318308,0.0627032968650103,0.06879709342234963,0.03556688678019715,0.0383360496791455,0.5065357637212567,0.5660574722125435,0.059521708491286796
1,3,0.1,0.44166584296202116,0.43560979327410476,0.5625495686220578,0.12088372566003669,0.1269397753479531,0.06958700470119883,0.07309888605860082,0.5067939520864289,0.6172413549873754,0.11044740290094657
1,4,0.0,0.377644147109109,0.37569023115526146,0.36298842545103605,-0.01465572165807294,-0.01270180570422541,-0.0066652513521296974,-0.005027287434122951,0.4712341890409112,0.4712341890409112,0.0
1,4,0.01,0.3806256159387694,0.37859782512123097,0.38092348524232644,0.000297869303557019,0.002325660121095474,0.0005502930504984738,0.002806456953176162,0.47351024979215783,0.4862870781972902,0.01277682840513239
1,4,0.05,0.38674995774443877,0.38452919182707634,0.4366241091588209,0.04987415141438212,0.05209491733174454,0.02573686756897442,0.027986076705370677,0.47770052378557637,0.5326948126782363,0.05499428889265989
1,4,0.1,0.39322285790553513,0.3907850620953027,0.5021202748903375,0.10889741698480238,0.11133521279503478,0.056963040000835075,0.058889399731865466,0.48196468887233435,0.5871626108781614,0.105197922005827
1,5,0.0,0.41949145496260976,0.41638379284380755,0.4161746944077527,-0.003316760554857079,-0.00020909843605487755,-0.0007883057159511209,0.0015466186949865124,0.49385812284329245,0.49385812284329245,0.0
1,5,0.01,0.4183614418295045,0.4144157408895984,0.4263749099867916,0.008013468157287096,0.01195916909719319,0.002204861650156986,0.004651069450156253,0.4944787967450164,0.5028606585525683,0.00838186180755196
1,5,0.05,0.41682776054552106,0.4117044263478231,0.4721086945799313,0.055280934034410256,0.060404268232108205,0.026160239836577448,0.028555761083098652,0.4946610346271728,0.5427768702436411,0.04811583561646826
1,5,0.1,0.41563913203352243,0.4095914139872232,0.5304496606354265,0.1148105286019041,0.12085824664820333,0.061665240121634324,0.06371534535321466,0.4942955140621239,0.5935958454691673,0.09930033140704342
2,0,0.0,0.4275452461622786,0.41868961539864036,0.41978671267319134,-0.007758533489087283,0.0010970972745509844,-0.0040514002651309555,0.00092988110075376,0.49621967666885114,0.49621967666885114,0.0
2,0,0.01,0.42729431332921486,0.4181078182962965,0.4303454117002805,0.0030510983710656525,0.012237593403984004,0.0023405737895199064,0.007973476444851246,0.49757318866393796,0.5053637909352289,0.007790602271290914
2,0,0.05,0.4259608891731509,0.41665297297804393,0.4760915954715017,0.05013070629835081,0.05943862249345777,0.02628715421456662,0.031461806756634014,0.49873724690831567,0.5451335080555761,0.046396261147260476
2,0,0.1,0.42422945218351327,0.415075691577961,0.5341440153726449,0.10991456318913162,0.1190683237946839,0.06011941791748332,0.06476491117119687,0.49913952300922493,0.5956365593638467,0.09649703635462181
2,1,0.0,0.4185101990366603,0.41246887717424296,0.4084683992723347,-0.01004179976432562,-0.004000477901908273,-0.005629537488374137,-0.0027279856102139233,0.4988091019440777,0.4988091019440777,0.0
2,1,0.01,0.41588824840105876,0.40974677727736386,0.41301071645363907,-0.002877531947419687,0.00326393917627521,-0.0018851970827513664,0.0011974718696324826,0.4967853442716851,0.5024947532929951,0.005709409021310008
2,1,0.05,0.41314812277263757,0.4072607841804462,0.45319373605848723,0.04004561328584966,0.04593295187804103,0.021057222660903707,0.02334137803240921,0.4940576635989766,0.5364194975535708,0.04236183395459414
2,1,0.1,0.41137911111008163,0.40598448046517366,0.5093685640886789,0.09798945297859729,0.10338408362350526,0.05340261901724597,0.055447035882416174,0.49170421067475567,0.5839982835691644,0.09229407289440872
2,2,0.0,0.44193615464105296,0.43925033684995973,0.431345567300104,-0.010590587340948976,-0.00790476954985575,-0.005652249049103553,-0.003758937390425654,0.5224535198192788,0.5224535198192788,0.0
2,2,0.01,0.4489909913619118,0.44610032623748774,0.4463514760371978,-0.002639515324713959,0.000251149799710082,0.00018272419168030574,0.001369100219650976,0.5262052707308933,0.5350367967716937,0.008831526040800397
2,2,0.05,0.45910052367804155,0.45594554230025286,0.49538122439360754,0.036280700715565994,0.039435682093354685,0.024654504071994987,0.02574775990897682,0.5304674690462037,0.5763005507313599,0.04583308168515621
2,2,0.1,0.46746048812016616,0.4641168405534226,0.5537968718913745,0.08633638377120834,0.08968003133795188,0.057448253134945504,0.05875773886032365,0.5333530327962241,0.6255046953614403,0.09215166256521612
2,3,0.0,0.41715765398887883,0.4109059856270889,0.40288715077121506,-0.014270503217663766,-0.008018834855873846,-0.006729523557602368,-0.0036963415032891245,0.512087727486254,0.512087727486254,0.0
2,3,0.01,0.42016588151383893,0.4146685087884284,0.413664414913662,-0.0065014666001769195,-0.0010040938747664097,-0.0015297165772961696,-6.237558793253939e-06,0.5132379831569303,0.5206297794501633,0.007391796293233055
2,3,0.05,0.4236799007652957,0.419086392799382,0.46013183723149476,0.03645193646619904,0.041045444432112776,0.021198916442748184,0.022534880960745407,0.5138961041799759,0.5583664339611416,0.04447032978116572
2,3,0.1,0.4259201099132558,0.42192717919756173,0.5192051121126109,0.0932850021993551,0.09727793291504916,0.053263718552980066,0.05497948414201692,0.5137047845110965,0.6065514658248636,0.09284668131376717
2,4,0.0,0.44230271462149084,0.4343869111295804,0.43081826732973083,-0.011484447291760014,-0.003568643799849558,-0.005516587663321304,-0.0027138054886093332,0.5016707328086645,0.5016707328086645,0.0
2,4,0.01,0.44271571969985835,0.4349492487330091,0.4398195535623777,-0.0028961661374806713,0.004870304829368566,-0.0018395783206140992,0.0013038061242405252,0.5049201887787644,0.5095204405070831,0.004600251728318683
2,4,0.05,0.442845381894987,0.43555582445986873,0.4830912703779714,0.04024588848298438,0.04753544591810266,0.022066885880901888,0.024779906549881825,0.5086844121230834,0.5474793395656498,0.03879492744256641
2,4,0.1,0.4426683555294013,0.43594095377204667,0.5392143542090149,0.09654599867961355,0.1032734004369682,0.053291888525826114,0.055486504908443424,0.5111090268974998,0.5967557710786048,0.08564674418110496
2,5,0.0,0.4712979115524546,0.46831846003152555,0.4596523405608339,-0.011645570991620668,-0.008666119470691624,-0.007232920153684819,-0.0059260503477970294,0.5391320740687133,0.5391320740687133,0.0
2,5,0.01,0.470786458232192,0.467753575644997,0.4663662716004604,-0.004420186631731604,-0.0013873040445365747,-0.002498835899622076,-0.001130692956775925,0.5380637951819511,0.5447251218378532,0.006661326655902022
2,5,0.05,0.4673148277656556,0.463826707727364,0.505174508126522,0.0378596803608664,0.041347800399157975,0.021536481003777697,0.022787714320671393,0.5357544318483267,0.5777839371585524,0.042029505310225646
2,5,0.1,0.4623379010731148,0.45821004887405403,0.556959891743467,0.09462199067035226,0.09874984286941302,0.05377811409651023,0.055134357760401986,0.5331373153500623,0.6220229866682812,0.0888856713182189
3,0,0.0,0.4210457527743503,0.41310010180956214,0.4135623285354897,-0.007483424238860614,0.0004622267259275503,-0.004528480877065921,-0.0006929430673238146,0.5116514970800293,0.5116514970800293,0.0
3,0,0.01,0.4237554654394784,0.4162387045156971,0.42489262670909833,0.0011371612696199351,0.00865392219340122,0.0007850491447074504,0.004840269178894907,0.5128031491165563,0.5210452083711634,0.008242059254607081
3,0,0.05,0.427235936139003,0.42032725561285444,0.4701186635456621,0.042882727406659105,0.049791407932807674,0.02533740046855959,0.028450879148326447,0.5139112393572702,0.5587691229901841,0.044857883632913875
3,0,0.1,0.42976277155678533,0.42333705662199617,0.5269743510328189,0.09721157947603354,0.1036372944108227,0.057540763027775,0.061055579844951025,0.5144099903613681,0.6062463172202939,0.09183632685892573
3,1,0.0,0.3748523976237067,0.37265862576593667,0.36854319243997935,-0.006309205183727351,-0.004115433325957318,-0.003655267351238556,-0.0013025227426975983,0.4619077312732214,0.4619077312732214,0.0
3,1,0.01,0.373140017738371,0.3705954587030028,0.38179016806462895,0.008650150326257933,0.011194709361626143,0.0023945593236790463,0.004938305404796339,0.4634234235551502,0.4732662404669091,0.009842816911758923
3,1,0.05,0.37234917426502856,0.36917611382242943,0.4337810953143231,0.06143192104929451,0.06460498149189364,0.02808602930851334,0.030671873201587485,0.4662294026010848,0.5176719254452962,0.05144252284421136
3,1,0.1,0.37300079992967783,0.36923431039937205,0.4983032468708306,0.12530244694115278,0.12906893647145856,0.06064872443032865,0.06336041987867591,0.4690284592859876,0.572740803631186,0.10371234434519838
3,2,0.0,0.40842941777642494,0.3935581791489261,0.4015934144166229,-0.006836003359802056,0.008035235267696783,-0.0023027278504063053,0.005186215490989854,0.511253920692389,0.511253920692389,0.0
3,2,0.01,0.4101798275236471,0.3960800359823462,0.4166732267010316,0.006493399177384451,0.020593190718685372,0.003874434368990376,0.011713870577521157,0.5128503948035928,0.5237380762672034,0.010887681463610521
3,2,0.05,0.4147533866776839,0.40210736163327465,0.46600769626776917,0.051254309590085256,0.06390033463449452,0.027420345591886996,0.03529260160539249,0.5154996275458233,0.5643383484914002,0.04883872094557684
3,2,0.1,0.4200207464776152,0.4088026266946787,0.5251766631014192,0.10515591662380397,0.11637403640674049,0.0587579134849906,0.0657339914979237,0.5180200256546643,0.6129536449141104,0.0949336192594461
3,3,0.0,0.43251982804939815,0.4217032113085275,0.43175116089299137,-0.0007686671564067771,0.010047949584463867,0.0010566244124700086,0.007253947531696725,0.5127251108091442,0.5127251108091442,0.0
3,3,0.01,0.4367959046206351,0.4263531155981449,0.44082158450341424,0.004025679882779132,0.014468468905269316,0.0021715153147985333,0.008144800357600013,0.5157374112617727,0.520289971969194,0.0045525607074212715
3,3,0.05,0.4414640946810533,0.4317717479700479,0.483804489480382,0.04234039479932872,0.0520327415103341,0.02273196721204407,0.02766241925943569,0.5194810027713047,0.5570139074772531,0.03753290470594839
3,3,0.1,0.44419543609948875,0.4352580633256826,0.5394973813536682,0.09530194525417945,0.10423931802798558,0.0534055126470917,0.05744146366141367,0.5220893433554706,0.6047813337798108,0.08269199042434017
3,4,0.0,0.38073943280663414,0.3775717139928234,0.3789300212875045,-0.0018094115191296112,0.0013583072946811159,-0.00048791892772415135,0.002006291714482744,0.4832574342496636,0.4832574342496636,0.0
3,4,0.01,0.3858240524540377,0.38301369802304097,0.3896592184025295,0.003835165948491759,0.006645520379488512,0.0016114164497126326,0.0042920114886781935,0.48509864979504314,0.49214694862168684,0.007048298826643706
3,4,0.05,0.39354005765465616,0.3910196787429465,0.4373065314583692,0.04376647380371301,0.046286852715422655,0.02224157532126314,0.023883995374091804,0.4878755552860021,0.5318853569182695,0.04400980163226742
3,4,0.1,0.40008778397086886,0.39764559035215563,0.4983085325694132,0.09822074859854435,0.10066294221725758,0.051424692605664735,0.053294297427410764,0.4902353265653837,0.5828145851484432,0.09257925858305949
3,5,0.0,0.42845296914870734,0.4158897583550889,0.41845200920512293,-0.010000959943584409,0.0025622508500340313,-0.006276038509794413,-0.00022150517944830028,0.5027659968103364,0.5027659968103364,0.0
3,5,0.01,0.428211230296638,0.4159981008380489,0.43172769414844414,0.003516463851806151,0.01572959331039525,-0.0001407570067125663,0.006383971757622842,0.5014008891431996,0.5143696557118647,0.01296876656866508
3,5,0.05,0.426311594684998,0.41487960080003516,0.4807134045625945,0.05440180987759646,0.06583380376255932,0.027046461562447943,0.03256601388026592,0.4991165776654535,0.5566044875693963,0.05748790990394281
3,5,0.1,0.4237564706076554,0.41313875892998675,0.5404751539482917,0.11671868334063629,0.12733639501830496,0.06328646421900974,0.0683804601087945,0.49708398757989747,0.6079749945489934,0.11089100696909593
4,0,0.0,0.45770672854391736,0.4571068057117267,0.450220325498048,-0.007486403045869339,-0.0068864802136786585,-0.003694253897048805,-0.004034730422911692,0.516786748476532,0.516786748476532,0.0
4,0,0.01,0.4529065662031806,0.45290038299502267,0.45710139962719354,0.004194833424012945,0.004201016632170873,0.001963298344729414,0.0012651483080355908,0.5124978997038565,0.5228217342723218,0.010323834568465307
4,0,0.05,0.44555320732302894,0.44594586800225666,0.4954955139355811,0.04994230661255217,0.04954964593332445,0.026290097320730954,0.027693412153961483,0.5077290868466203,0.5566217016644057,0.048892614817785396
4,0,0.1,0.4389530182752035,0.4393393036103209,0.5466690610437748,0.10771604276857127,0.10732975743345385,0.05842481534816324,0.06168017857010999,0.5045547733773998,0.6016952603549186,0.09714048697751876
4,1,0.0,0.3895248385810425,0.38727949035365805,0.386453377451211,-0.0030714611298314765,-0.0008261129024470515,-0.0006850205483277527,0.0017692877400414808,0.48880916053891066,0.48880916053891066,0.0
4,1,0.01,0.3915880468921813,0.38965949139786926,0.3977909985292658,0.006202951637084508,0.008131507131396543,0.001990157123635261,0.004056139510679402,0.4909868053676497,0.4981947330142198,0.007207927646570078
4,1,0.05,0.3939380069785977,0.3920804687997067,0.44750486614953455,0.05356685917093684,0.05542439734982785,0.024433435205483134,0.025923611546987857,0.49263753372471597,0.5396029805704823,0.04696544684576631
4,1,0.1,0.3954558066252065,0.3933827074318076,0.5104424388590152,0.11498663223380867,0.1170597314272076,0.05725526636703793,0.05876571243950712,0.4929974249712695,0.5920860513542199,0.09908862638295035
4,2,0.0,0.40834256042044803,0.40397950295090634,0.4059933893213349,-0.0023491710991131454,0.0020138863704285415,-0.0007383564063521142,0.0019339158190223582,0.46721117128708156,0.46721117128708156,0.0
4,2,0.01,0.4026483530379079,0.39844575287989936,0.4163367045566314,0.013688351518723496,0.017890951676732048,0.007134374305270863,0.010314798567674588,0.46489081376099717,0.47678866594525793,0.01189785218426076
4,2,0.05,0.3952995111005848,0.391396210114365,0.4620163408754825,0.06671682977489768,0.0706201307611175,0.03481984409432548,0.038225595091744835,0.46298367545987107,0.5181460946256242,0.05516241916575315
4,2,0.1,0.3898590561687415,0.3862356671978675,0.5202700959749683,0.13041103980622681,0.1340344287771008,0.07033025988225039,0.07355070589981416,0.4623458973296688,0.5706777764266706,0.10833187909700182
4,3,0.0,0.4394411779561542,0.431212788907975,0.42279863595083844,-0.016642542005315786,-0.008414152957136545,-0.00849223677657629,-0.005702649108274449,0.5073996043213732,0.5073996043213732,0.0
4,3,0.01,0.4406477343658606,0.43436187774765544,0.4368076831085177,-0.0038400512573428802,0.002445805360862252,0.000272729025778351,0.0012105857470550152,0.5074041973754386,0.5195538691093481,0.012149671733909462
4,3,0.05,0.44138908163720847,0.43738129738096465,0.4856646930167656,0.044275611379557156,0.048283395635800974,0.028801072924268367,0.028549231598298808,0.5069523527502724,0.5615432938551657,0.054590941104893265
4,3,0.1,0.4413725238325179,0.4388446946381235,0.5446566133290565,0.10328408949653856,0.10581191869093298,0.06288747278287998,0.06176311371677479,0.506346784088845,0.6121306174055468,0.10578383331670171
4,4,0.0,0.4103057017595305,0.40657535348858187,0.4078565811353697,-0.0024491206241608054,0.0012812276467878414,-0.0012351578968401444,0.002706013154818887,0.4918262769741045,0.4918262769741045,0.0
4,4,0.01,0.4102447439538113,0.40567338942157316,0.41883867994820145,0.008593935994390178,0.013165290526628293,0.004485760777722003,0.007946824094636984,0.4896145274578073,0.501268953221641,0.011654425763833687
4,4,0.05,0.4105733673272304,0.4051134306795311,0.4652343853336556,0.0546610180064252,0.06012095465412448,0.029483330613224168,0.03329021040701807,0.48662820051270705,0.5412267279097935,0.05459852739708648
4,4,0.1,0.4109943387527719,0.40504337475013996,0.5238178427566875,0.11282350400391561,0.11877446800654756,0.063902496330835,0.06713152882181506,0.4842476279843344,0.5916935364514122,0.1074459084670778
4,5,0.0,0.40768952489953914,0.4055959217076872,0.3954983148064988,-0.012191210093040361,-0.010097606901188438,-0.0067607255906009245,-0.00476058756513531,0.45652779925833,0.45652779925833,0.0
4,5,0.01,0.4028687631159369,0.40115845158985397,0.407280074242104,0.004411311126167106,0.006121622652250025,0.0017470407332016435,0.004209726970433647,0.45274799087824946,0.4671042204407969,0.014356229562547451
4,5,0.05,0.39614208936242357,0.3949486517584374,0.45584480740277966,0.059702718040356095,0.060896155644342254,0.0283269785710355,0.030823739668120798,0.44830048651892274,0.510785129288398,0.062484642769475296
4,5,0.1,0.3907232989984212,0.3899247064648349,0.516662184383622,0.12593888538520082,0.1267374779187871,0.06248074416153537,0.06461681353357118,0.4452795194554917,0.565511531554657,0.12023201209916534
5,0,0.0,0.4064482748182917,0.3949857046701114,0.4006703838983403,-0.005777890919951401,0.005684679228228906,-0.0037269203540448714,0.0017665276579860167,0.4869320742786628,0.4869320742786628,0.0
5,0,0.01,0.40503346232220294,0.39306270726744874,0.4177355163557459,0.012702054033542964,0.024672809088297165,0.004802860051274616,0.010313546990654898,0.4884922392896963,0.5015944552387112,0.01310221594901484
5,0,0.05,0.40329556154180135,0.39140940377960287,0.4713428612824623,0.06804729974066093,0.0799334575028594,0.032761448078101885,0.0370936279478834,0.49049845605134434,0.5476153415763514,0.057116885525007044
5,0,0.1,0.40235768894693735,0.39109767287561636,0.5342203689191518,0.13186267997221446,0.14312269604353545,0.06758964480009377,0.0728123292586651,0.49218038262740693,0.6015822902656058,0.1094019076381989
5,1,0.0,0.4152306992047422,0.40958979596528156,0.40564865805498695,-0.00958204114975525,-0.003941137910294601,-0.004309731019190188,-0.0009254343306410728,0.5168113808985065,0.5168113808985065,0.0
5,1,0.01,0.41283734313173015,0.40706372139893054,0.4167819021224841,0.003944558990753966,0.009718180723553571,0.0031636475485519178,0.006254401566767043,0.514879515078877,0.5259928017870126,0.011113286708135606
5,1,0.05,0.41184627332283563,0.4060109557769166,0.46318925991988713,0.0513429865970515,0.05717830414297054,0.02620531531507464,0.02922337439495548,0.5129626870758184,0.5639028908232302,0.050940203747411816
5,1,0.1,0.41266696967652816,0.40686301782859813,0.521731011835497,0.10906404215896881,0.11486799400689884,0.05622541988569463,0.05923091653717172,0.5119411614014854,0.611642190419325,0.09970102901783962
5,2,0.0,0.3958215406025797,0.3938303678885934,0.38585674941209336,-0.009964791190486322,-0.007973618476500022,-0.006647843237505446,-0.006028533176819173,0.49000782786715347,0.49000782786715347,0.0
5,2,0.01,0.39623533677783485,0.39374801310991037,0.39525190265216037,-0.000983434125674476,0.0015038895422500032,-0.0017887909176599326,-9.614096131216332e-05,0.48964617303638747,0.49764046324948075,0.00799429021309328
5,2,0.05,0.3989836630252388,0.3955327792199106,0.4411887533303863,0.04220509030514752,0.04565597411047573,0.021075722949676634,0.02406358549359011,0.48994669127178025,0.5356248180156962,0.045678126743915914
5,2,0.1,0.4026445969771705,0.39824543293856063,0.5009939436015449,0.09834934662437445,0.1027485106629843,0.051438595944392596,0.05501510531572695,0.49068057876517546,0.585216291149049,0.0945357123838736
5,3,0.0,0.43714436738289686,0.43117049495382187,0.43066617597432433,-0.006478191408572531,-0.0005043189794975422,-0.0006955197098831301,0.002125780049277881,0.5298227496000907,0.5298227496000907,0.0
5,3,0.01,0.4326976745715293,0.4265284319874192,0.444929864914829,0.012232190343299698,0.01840143292740981,0.010880017727173619,0.014815389151058178,0.5298506221610904,0.5418567916133207,0.01200616945223032
5,3,0.05,0.4264353547256796,0.41975687611653056,0.49329913995472996,0.06686378522905034,0.0735422638381994,0.042020782551449254,0.0472806772095723,0.528258058201688,0.5822559955173353,0.05399793731564728
5,3,0.1,0.42156116754597994,0.41431686684383506,0.5513047234111554,0.1297435558651755,0.13698785656732038,0.07899325251872957,0.08459186965843313,0.5259222910569548,0.63057625367633,0.10465396261937521
5,4,0.0,0.42654682773050157,0.42166528318291663,0.4218383406763322,-0.004708487054169375,0.00017305749341556265,-0.001341032343942783,0.0014577035826394136,0.49411272352070235,0.49411272352070235,0.0
5,4,0.01,0.4296240070259142,0.424907817914163,0.43680359613441555,0.007179589108501361,0.011895778220252562,0.00248594517829992,0.005961505982809756,0.4946007406463573,0.507274471304603,0.01267373065824573
5,4,0.05,0.4321431611375166,0.4275113626836424,0.48624530025209545,0.05410213911457884,0.05873393756845302,0.026082952685822947,0.028256481549361667,0.49516277396564057,0.5506806508393873,0.05551787687374676
5,4,0.1,0.432984993204111,0.42831755510413394,0.5452637067304784,0.11227871352636742,0.11694615162634447,0.05832173617566949,0.06095626483953687,0.4956409745020425,0.6024724188632897,0.10683144436124725
5,5,0.0,0.4188848077146098,0.41174058295496185,0.4097997738450929,-0.009085033869516868,-0.001940809109868935,-0.005012281544214514,-0.0018997231920336866,0.4769234949019029,0.4769234949019029,0.0
5,5,0.01,0.41998100438673514,0.41428382703996913,0.4210138710350084,0.0010328666482732896,0.006730043995039292,0.0021165113691407056,0.004397335314251238,0.47783950156529886,0.48674154515889057,0.008902043593591702
5,5,0.05,0.41947687006209444,0.4153715233285792,0.4680914969402912,0.04861462687819673,0.05271997361171199,0.02959169983941423,0.03208970506688347,0.4798402967355907,0.5283913732286789,0.04855107649308821
5,5,0.1,0.4176812135691863,0.4145234745559938,0.5274704298495178,0.10978921628033145,0.11294695529352394,0.06409235229854326,0.06642926037099683,0.48197406702742795,0.5810289572611964,0.09905489023376846
6,0,0.0,0.4200310474693465,0.4165968668930884,0.408103035746316,-0.011928011723030485,-0.00849383114677238,-0.006151421431224713,-0.004216187727287823,0.47544872775686986,0.47544872775686986,0.0
6,0,0.01,0.41929771639144175,0.41538218330169163,0.4216979920753875,0.0024002756839457406,0.0063158087736958635,0.000870498217227289,0.0032891630727750476,0.47341266989520314,0.4875313481835496,0.014118678288346453
6,0,0.05,0.4189639319382156,0.4145238172056591,0.47037327469340506,0.05140934275518949,0.055849457487745946,0.02694823909401378,0.03081258702027878,0.4723287106170949,0.5307688332193199,0.058440122602224975
6,0,0.1,0.41920990548256776,0.4144596207910731,0.5297319985433704,0.11052209306080263,0.11527237775229726,0.060473457554711785,0.06407872793784974,0.4727378979538781,0.5834910785359135,0.11075318058203543
6,1,0.0,0.4019261232294551,0.39416170858465793,0.3899371622004313,-0.011988961029023804,-0.004224546384226646,-0.006350255530699678,-0.0034092709070963068,0.4952914115290654,0.4952914115290654,0.0
6,1,0.01,0.4011403800318346,0.393340800271884,0.39796818329438843,-0.0031721967374461757,0.004627383022504428,-0.0012918717870196161,0.0007622554551830474,0.49485355528441277,0.501882172145071,0.007028616860658254
6,1,0.05,0.40204664558518344,0.39426395498092615,0.44183541340811927,0.03978876782293583,0.047571458427193125,0.0212359908969596,0.022802367178985428,0.49503816681198864,0.5381422653711381,0.04310409855914943
6,1,0.1,0.4040849653087458,0.39636252288727236,0.5000779446012262,0.09599297929248041,0.10371542171395387,0.0517679667993588,0.054523329051055947,0.49563162012287143,0.5863361406545131,0.09070452053164169
6,2,0.0,0.40489147566848915,0.40106694489421524,0.40137089820619576,-0.003520577462293395,0.00030395331198052045,-0.0020834890781874504,0.0001766770062581191,0.4762360325337891,0.4762360325337891,0.0
6,2,0.01,0.4032308840916079,0.3987342062867115,0.41714914636741085,0.01391826227580295,0.018414940080699327,0.005228517961846424,0.0083310163758058,0.4750957916040057,0.490252291049719,0.01515649944571329
6,2,0.05,0.4018392529916007,0.396454057729409,0.4684508703982043,0.0666116174066036,0.07199681266879532,0.033795402369828365,0.0370489066445302,0.4743755489484969,0.5354294158034126,0.06105386685491576
6,2,0.1,0.40147374400709623,0.3954371958877425,0.5294157799564551,0.12794203594935882,0.13397858406871255,0.06967929108731674,0.07310605885286547,0.47451062858258886,0.5889991860398374,0.11448855745724851
6,3,0.0,0.44355755819895126,0.4312989164558013,0.43433288065040365,-0.00922467754854761,0.0030339641946023344,-0.0052428413646599115,-6.615139198662412e-05,0.5178588433735386,0.5178588433735386,0.0
6,3,0.01,0.4377708347959225,0.425871961159047,0.44405567635982657,0.0062848415639040756,0.01818371520077955,0.0022457547591696603,0.0071142086799852455,0.5136632779754646,0.5263030681141505,0.01263979013868588
6,3,0.05,0.42877213978389506,0.4178792035540947,0.48740266215679295,0.0586305223728979,0.06952345860269826,0.029768899253023395,0.03465579597228541,0.5077288334489235,0.5635232588112946,0.055794425362371114
6,3,0.1,0.4208015598093021,0.4110585154063343,0.542685371117033,0.12188381130773085,0.13162685571069865,0.06664568964501605,0.07053279580735128,0.5028015606693194,0.6108954810983218,0.10809392042900245
6,4,0.0,0.404591335784808,0.4024361382670517,0.3915672145810273,-0.013024121203780714,-0.010868923686024434,-0.006118944637131252,-0.0048633532235650145,0.49229394225092493,0.49229394225092493,0.0
6,4,0.01,0.4049592763915818,0.40403909212864997,0.40459287389588006,-0.0003664024957017453,0.0005537817672300882,0.0003297079359614319,0.0005802242774485267,0.49132748985748576,0.5032505678245974,0.011923077967111673
6,4,0.05,0.40523212463358516,0.4057061022537648,0.4538871915228091,0.04865506688922394,0.0481810892690443,0.024705421839083752,0.024493700552297493,0.49031693180616553,0.5445689381872464,0.05425200638108085
6,4,0.1,0.40527659733217325,0.40660220673791636,0.5147401626569321,0.10946356532475887,0.10813795591901576,0.05845674926741373,0.05690501788030633,0.48975860274734184,0.5955359776192812,0.10577737487193939
6,5,0.0,0.4533984029784359,0.4448727296865719,0.4497104156212336,-0.003687987357202327,0.004837685934661717,-0.0026380858081483938,0.0012082187123056976,0.5211888437520924,0.5211888437520924,0.0
6,5,0.01,0.44978466469713485,0.4415093640071932,0.4579833713717334,0.008198706674598544,0.01647400736454019,0.0024706343625566785,0.0068435801416310005,0.5172153092086096,0.5284298042080835,0.011214494999473912
6,5,0.05,0.443336022511995,0.4355459481405515,0.4986182266764386,0.05528220416444363,0.06307227853588715,0.025546670850310593,0.02885683636365932,0.5115980843994208,0.5639310949647802,0.05233301056535944
6,5,0.1,0.43696561654369426,0.42965189728121456,0.5514545562525232,0.1144889397088289,0.1218026589713086,0.058575559196511806,0.06161371441384311,0.5068646277189147,0.6100774178757158,0.10321279015680107
7,0,0.0,0.4236289188322001,0.4198805342138594,0.41830122121020186,-0.005327697621998251,-0.0015793130036575453,-0.0026703679008663883,-0.0005486089760334822,0.48860278979103733,0.48860278979103733,0.0
7,0,0.01,0.42246062843138876,0.41836780022488673,0.4260763818740614,0.00361575344267262,0.007708581649174651,0.0033122488881072165,0.005560166584435922,0.4879254945206526,0.4956394359808015,0.007713941460148921
7,0,0.05,0.4204429156218471,0.41578951938659703,0.4688042294962682,0.04836131387442111,0.05301471010967118,0.02691720911587303,0.0296325368880056,0.48686666600467043,0.5334908214861419,0.046624155481471474
7,0,0.1,0.41844293220285267,0.4132853206720868,0.5253140013249731,0.10687106912212041,0.11202868065288629,0.05796421619861225,0.06076185375674792,0.4858138770853122,0.5834017151310434,0.09758783804573123
7,1,0.0,0.4101063400222048,0.4023688523905601,0.3973066587194991,-0.012799681302705701,-0.005062193671060977,-0.004689497830481115,-0.0014187365278759412,0.4796870861073562,0.4796870861073562,0.0
7,1,0.01,0.414074295337709,0.4058422286230937,0.4074213635218543,-0.00665293181585469,0.0015791348987606035,-0.0014780151030083788,0.001955800964807408,0.482120029581102,0.48813791386552874,0.006017884284426733
7,1,0.05,0.4177812037636609,0.4089228433901765,0.4563609928962892,0.03857978913262827,0.04743814950611269,0.02209915215553071,0.025895525559877952,0.48445987550969627,0.5301403066027531,0.04568043109305686
7,1,0.1,0.41942215741361166,0.41012319324495095,0.519187122600654,0.09976496518704236,0.10906392935570308,0.055810134633373476,0.060005353587155974,0.4855893709620648,0.5842911036425935,0.09870173268052873
7,2,0.0,0.4042462026678524,0.3995765838905718,0.39376292524255896,-0.010483277425293425,-0.005813658648012865,-0.0057857902476847745,-0.0032384991516076767,0.48552368495184406,0.48552368495184406,0.0
7,2,0.01,0.4009768109280011,0.3962988590281289,0.4121114768478218,0.011134665919820708,0.015812617819692898,0.005004117695009969,0.007404430199925649,0.4852198436299493,0.5015422029994361,0.016322359369486783
7,2,0.05,0.39898557517638134,0.39453698975513696,0.4667336772501076,0.06774810207372628,0.07219668749497066,0.03669421759924729,0.03883977520957749,0.48630992199660084,0.5484351296688492,0.062125207672248384
7,2,0.1,0.39944044569970616,0.39534171029441345,0.5299038446377929,0.13046339893808678,0.1345621343433795,0.07408344799500843,0.07621940692815543,0.4884401476311504,0.6024104648059387,0.11397031717478834
7,3,0.0,0.42144248927302885,0.41637312406530524,0.41940551213678146,-0.0020369771362473976,0.003032388071476211,-0.00029801045926380887,0.0030184094598973976,0.49399896412068034,0.49399896412068034,0.0
7,3,0.01,0.42238354231214925,0.41636193979024816,0.4309664518899884,0.008582909577839137,0.01460451209974023,0.004910093270005689,0.008842697703936864,0.5005140635655423,0.5041471644356281,0.003633100870085837
7,3,0.05,0.4234769140306809,0.416236262278485,0.47797928164014236,0.05450236760946148,0.06174301936165738,0.032056891364370066,0.03594077998112344,0.5085224683141298,0.5453154474687664,0.03679297915463653
7,3,0.1,0.42443767667407684,0.41632780658322177,0.5369609911161966,0.11252331444211972,0.12063318453297478,0.06679568459165464,0.07085576001574556,0.5142502565949184,0.5969377029852879,0.08268744639036951
7,4,0.0,0.4310102812797728,0.42908676051012384,0.42014639155161415,-0.01086388972815866,-0.008940368958509692,-0.00714684060256765,-0.006134093574296062,0.4910735604498697,0.4910735604498697,0.0
7,4,0.01,0.42475500349413553,0.4224463723603743,0.432178428873205,0.0074234253790694815,0.009732056512830711,0.0042722764552119985,0.0051823675395582525,0.4872124254709639,0.5019501963853028,0.014737770914338921
7,4,0.05,0.41599490353025836,0.41347812092746417,0.47848409767877886,0.0624891941485205,0.0650059767513147,0.03435043850499264,0.03536029647681249,0.4830099020374513,0.5430464809341768,0.060036578896725534
7,4,0.1,0.40898072015080034,0.4065366579194638,0.5358400184618795,0.12685929831107912,0.12930336054241565,0.07195049991371738,0.07207528754385062,0.48045100486702685,0.5937520881137116,0.11330108324668475
7,5,0.0,0.4402204926240797,0.43608631338263637,0.4329786341817695,-0.007241858442310178,-0.003107679200866853,-0.002527611826950271,-0.0005118619729067575,0.5106702948698205,0.5106702948698205,0.0
7,5,0.01,0.43852725825008776,0.43403953159195185,0.4468296708929854,0.00830241264289766,0.012790139301033565,0.005801305844722049,0.00850373682919614,0.5088448925220085,0.522769851308259,0.013924958786250552
7,5,0.05,0.4369248792573507,0.4321588712075555,0.4935080730316028,0.05658319377425214,0.06134920182404735,0.031347334531698356,0.034401937472538835,0.5071944067173062,0.5633345659475115,0.05614015923020532
7,5,0.1,0.436188853392104,0.43135569303939725,0.5497189495950013,0.11353009620289733,0.11836325655560409,0.06669821732332493,0.0689526189562939,0.5065236797431527,0.6121173577255287,0.10559367798237596
8,0,0.0,0.3928110157372463,0.386034812600511,0.38007023875468193,-0.012740776982564372,-0.0059645738458290465,-0.006859280466146922,-0.004304457536361772,0.49060026652385935,0.49060026652385935,0.0
8,0,0.01,0.3924457699068711,0.3861709518958918,0.3905255624626446,-0.001920207444226496,0.004354610566752792,-0.001329724884682859,0.0012114521096877606,0.48867786254010614,0.4991865981905599,0.010508735650453738
8,0,0.05,0.39321328692921476,0.38775078781755634,0.4367488729616352,0.04353558603242047,0.048998085144078884,0.020873560212744446,0.02316252029242938,0.48741839169697376,0.5372289342086142,0.04981054251164041
8,0,0.1,0.3946111321521534,0.38987177121042405,0.49604190011543914,0.10143076796328576,0.1061701289050151,0.05232958310614155,0.05438974100441163,0.4873342243875839,0.5860467764962094,0.0987125521086255
8,1,0.0,0.39919812334278526,0.39336846358569855,0.39162383954860613,-0.007574283794179126,-0.0017446240370924126,-0.004866947478402439,-0.001763026111278987,0.47881415002905936,0.47881415002905936,0.0
8,1,0.01,0.40417990411898763,0.3983342332600436,0.4065369436628713,0.0023570395438836655,0.008202710402827718,-0.0022002184151014292,0.0013621710658507924,0.4797709810640429,0.4914949777281272,0.011723996664084302
8,1,0.05,0.4109395070978543,0.40542616062707193,0.4579973862615676,0.04705787916371329,0.05257122563449568,0.018741611034765793,0.021936939944755096,0.48101498437526646,0.5355568834413718,0.05454189906610529
8,1,0.1,0.41620898873917833,0.41120805202305444,0.5200911576826823,0.103882168943504,0.10888310565962789,0.04952705767936061,0.05175241144293463,0.4820341725970476,0.5888108113772987,0.10677663878025112
8,2,0.0,0.42555269775365234,0.42234801654914256,0.4151333045127473,-0.010419393240905017,-0.007214712036395232,-0.006521432694206908,-0.0053170384798562065,0.4706063835213554,0.4706063835213554,0.0
8,2,0.01,0.42560597332786343,0.422194659339561,0.421489798466128,-0.004116174861735433,-0.000704860873433022,-0.005072381821581762,-0.003795607213521235,0.47070477217760365,0.47613085810456734,0.005426085926963697
8,2,0.05,0.4242033614131431,0.42032074377983875,0.46201602040173206,0.03781265898858899,0.04169527662189332,0.012276093841158353,0.01385669424815339,0.4718224352881112,0.5125836099636835,0.040761174675572276
8,2,0.1,0.42184437984017753,0.41746304643051957,0.5170944937188238,0.09525011387864624,0.0996314472883042,0.040763553285133924,0.04297231359194875,0.4732704755993016,0.5623281485606779,0.08905767296137634
8,3,0.0,0.48487991630324,0.474398798628641,0.48016970949646853,-0.0047102068067714775,0.00577091086782755,-0.0016359092438943401,0.0038831626953288456,0.5478108793652479,0.5478108793652479,0.0
8,3,0.01,0.4822277999590139,0.47231805683320593,0.48952049106880857,0.007292691109794691,0.017202434235602637,0.003975804376841863,0.008926628934651237,0.5453504733708607,0.5560194097188309,0.01066893634797017
8,3,0.05,0.4767384701955757,0.4677109252173469,0.5286456484584574,0.051907178262881715,0.06093472324111049,0.03270861104010725,0.035262329486092536,0.5413136482133069,0.5902873681472953,0.04897371993398847
8,3,0.1,0.4709136183387591,0.4626428736178616,0.5782395346526521,0.10732591631389299,0.1155966610347905,0.06758399550267002,0.07000090889091592,0.5375124715199254,0.6336996353090538,0.0961871637891284
8,4,0.0,0.4340035651258223,0.4303029867610365,0.4278841205153586,-0.0061194446104636535,-0.0024188662456778864,-0.0028886796928347946,-0.003316755586111997,0.5142420311117932,0.5142420311117932,0.0
8,4,0.01,0.42992576222441337,0.425111943650861,0.4371460234892396,0.007220261264826222,0.012034079838378564,0.003081993369842828,0.0034463361541069437,0.5129332797064134,0.5221330624846581,0.009199782778244625
8,4,0.05,0.423587411599627,0.4172409732033302,0.48162092893965425,0.05803351734002726,0.06437995573632405,0.03395530977693462,0.03424235485754734,0.5097942576850762,0.5600233631692013,0.05022910548412507
8,4,0.1,0.4180294281420103,0.4104954908702704,0.5388879980721439,0.12085856993013366,0.12839250720187356,0.07116749508882514,0.07200629837435712,0.5062694260543372,0.6088101570915466,0.1025407310372094
8,5,0.0,0.38611290192461933,0.3817340134759325,0.37428066097338164,-0.011832240951237694,-0.0074533525025508585,-0.0049730918654178335,-0.0006471886387490189,0.4912022613446293,0.4912022613446293,0.0
8,5,0.01,0.3921789591464877,0.3879221299131186,0.386194379602001,-0.005984579544486723,-0.001727750311117604,-0.00076952432474231,0.0030805894523476818,0.4941330027680816,0.5006485693212557,0.00651556655317409
8,5,0.05,0.4016394983597771,0.3970933244715029,0.4350067694965839,0.03336727113680682,0.03791344502508098,0.019297609766577795,0.022511765067041112,0.4980530708495765,0.5401395898964703,0.042086519046893756
8,5,0.1,0.40987046098027446,0.40476062766028453,0.4966373711333878,0.08676691015311333,0.09187674347310326,0.04770839903515722,0.051213362043805,0.5010864750943631,0.5901948706146036,0.08910839552024052
9,0,0.0,0.405718483350461,0.39872727424678855,0.4033746130729021,-0.0023438702775588904,0.004647338826113567,-2.2730561741846067e-05,0.0028780576408566905,0.4910458143017298,0.4910458143017298,0.0
9,0,0.01,0.4075401071079484,0.4010266189370352,0.417518702882238,0.009978595774289611,0.01649208394520285,0.009181684090271536,0.011703571560175874,0.4931156668564929,0.50335668960765,0.010241022751157125
9,0,0.05,0.408200346032598,0.4024035821934664,0.468923731934237,0.06072338590163895,0.06652014974077058,0.03542715368779992,0.03848727144570763,0.49520787292966584,0.5475787391331621,0.05237086620349629
9,0,0.1,0.4075762143070232,0.40237782045953396,0.5313318785268113,0.12375566421978812,0.12895405806727733,0.0687801931337102,0.07140834383211014,0.49645299147666,0.6011243336888279,0.1046713422121679
9,1,0.0,0.42619168196886326,0.4189813405920768,0.4127452441088345,-0.013446437860028748,-0.006236096483242304,-0.005495103400907864,-0.001885179476208032,0.5019904945690523,0.5019904945690523,0.0
9,1,0.01,0.42769251548198084,0.42034813051727005,0.42734434887955375,-0.0003481666024270913,0.0069962183622837015,0.0013983168157949422,0.005101058696312832,0.5044648100993245,0.5143239152511594,0.009859105151834857
9,1,0.05,0.42957981098474174,0.4224494187299962,0.4771438359620137,0.04756402497727197,0.05469441723201751,0.02660807294296963,0.03001589093096846,0.5077000189204023,0.556562213858298,0.048862194937895675
9,1,0.1,0.43110364116011013,0.4244273121583486,0.5371431437826607,0.10603950262255057,0.11271583162431209,0.05996350619834545,0.06341721818446577,0.5102642987367954,0.6075018072352509,0.09723750849845558
9,2,0.0,0.4493372756986954,0.44467916526205875,0.439006135786016,-0.010331139912679421,-0.005673029476042757,-0.0047827596703422515,-0.0013810309988067093,0.527125573013569,0.527125573013569,0.0
9,2,0.01,0.4517062464706032,0.4468023393974102,0.45284137986465955,0.0011351333940563535,0.006039040467249346,0.0019667409236503453,0.005476197043568609,0.5267539879104794,0.5389227300945925,0.012168742184113013
9,2,0.05,0.4531820516011795,0.44813896247263096,0.49957966487602556,0.04639761327484604,0.0514407024033946,0.027718777026060626,0.030802318291775044,0.5262278666793729,0.578548397845495,0.05232053116612212
9,2,0.1,0.4530817343344369,0.4480717184666183,0.5558288930074167,0.10274715867297979,0.10775717454079836,0.061112868322004577,0.06360065039115737,0.5258631258910653,0.62617187256588,0.10030874667481471
9,3,0.0,0.41034444772575385,0.4062054285058726,0.4013298982849489,-0.009014549440804931,-0.004875530220923685,-0.006541480773433417,-0.005598535971969021,0.49567063692883284,0.49567063692883284,0.0
9,3,0.01,0.41287244607191753,0.4089653479169467,0.41689353498948933,0.004021088917571802,0.007928187072542614,0.0005920693465868432,0.002156643119894164,0.49855335085330477,0.508739914960717,0.010186564107412255
9,3,0.05,0.4179203308639913,0.4135909476003886,0.4677936122780937,0.04987328141410241,0.05420266467770507,0.02593852197674973,0.027870420854399836,0.502631832386363,0.5516599909441667,0.049028158557803736
9,3,0.1,0.423190998635512,0.4180013091047472,0.5285921532016342,0.1054011545661222,0.11059084409688702,0.05887691055379951,0.06094805798431424,0.5060820837028657,0.6029783274172095,0.0968962437143438
9,4,0.0,0.39620441535706097,0.3866720797135348,0.38768188338537113,-0.00852253197168984,0.0010098036718363401,-0.006695428287329941,-0.001607703582375275,0.48885930378329334,0.48885930378329334,0.0
9,4,0.01,0.40187632650627303,0.3912484991810218,0.4006976343355996,-0.0011786921706734566,0.009449135154577792,-0.0005797078897394892,0.004805937565559915,0.4926296682329607,0.49973903072676296,0.007109362493802229
9,4,0.05,0.4097549890159754,0.3981083097412442,0.45116895572091054,0.041413966704935135,0.05306064597966631,0.023255308040541545,0.029854046464568795,0.49689542735957837,0.5419569344627349,0.045061507103156484
9,4,0.1,0.41607231915463905,0.40400420055228603,0.5137197733700716,0.09764745421543253,0.10971557281778554,0.055594503824719976,0.06319979247230634,0.4996877694195577,0.5942866835030955,0.09459891408353782
9,5,0.0,0.40895313971727354,0.403583054587236,0.40752836708786344,-0.0014247726294100982,0.0039453125006274625,-0.0006399261380378718,0.0010531566809490744,0.49198989921640035,0.49198989921640035,0.0
9,5,0.01,0.4007795348506752,0.39495371896750875,0.4163109487435215,0.01553141389284629,0.02135722977601273,0.007874694796555337,0.01019282318269965,0.48780207491983507,0.49947944804944555,0.01167737312961048
9,5,0.05,0.39105508272579104,0.3847414198339867,0.46082032192561717,0.06976523919982613,0.07607890209163048,0.03786138766087965,0.04033830836982266,0.4826295320740951,0.5376177620621687,0.05498822998807362
9,5,0.1,0.3843974980233493,0.37780616595304806,0.518827490311492,0.13442999228814267,0.14102132435844394,0.07521857521618924,0.07747833017565275,0.4788296900520319,0.5873629431877405,0.10853325313570861
10,0,0.0,0.41545534007494644,0.40515896527048123,0.40067614474532565,-0.014779195329620798,-0.004482820525155584,-0.009283951148468694,-0.004716497125953567,0.510944451439231,0.510944451439231,0.0
10,0,0.01,0.4147417877959523,0.4041543327743302,0.41077342689210083,-0.003968360903851442,0.006619094117770619,-0.00334879304833402,0.0018558792185774386,0.5120258819779762,0.5190873167425638,0.0070614347645876485
10,0,0.05,0.4140827216039715,0.4030737675991849,0.4568167666691437,0.0427340450651722,0.05374299906995883,0.02147483741355327,0.028095186429545227,0.5120233762584127,0.5566915766289066,0.044668200370493905
10,0,0.1,0.4137493116251386,0.4023944197486855,0.5158964368752766,0.10214712525013803,0.11350201712659114,0.055151865674270883,0.06174099542333322,0.5108750409001396,0.6050418968597662,0.0941668559596266
10,1,0.0,0.4065113950828715,0.40289420171271184,0.3945301816734025,-0.011981213409469005,-0.008364020039309361,-0.0037514700664142975,-0.0009640736435346797,0.5022026723750667,0.5022026723750667,0.0
10,1,0.01,0.4034687718720956,0.4006986537487307,0.406956474274506,0.0034877024024103642,0.006257820525775282,0.004592666932152212,0.006463495555465659,0.5001312301584615,0.512479941119051,0.012348710960589537
10,1,0.05,0.4003255029459709,0.39849383913140435,0.4572075208381682,0.05688201789219727,0.05871368170676383,0.03232568869237473,0.032799500628713174,0.4970059229440741,0.5538985798861944,0.05689265694212031
10,1,0.1,0.398633974041672,0.39735640249774473,0.5196337746926226,0.12099980065095062,0.12227737219487789,0.06727054433471835,0.06723466994952088,0.49437011608187664,0.6053203166242818,0.11095020054240512
10,2,0.0,0.4097825915417065,0.3915880499084008,0.39910381540515183,-0.010678776136554657,0.007515765496751037,-0.005760551703907657,0.004145374714246586,0.5079995128861572,0.5079995128861572,0.0
10,2,0.01,0.4209866786043034,0.4023735063044376,0.4153524377175861,-0.005634240886717268,0.012978931413148542,-0.004193741802056228,0.005779862925550772,0.5132399143492685,0.5210522923782893,0.0078123780290207945
10,2,0.05,0.43390494986617556,0.4157095248061834,0.4676278338527925,0.033722883986616936,0.0519183090466091,0.0180269184407873,0.02839038210284439,0.5191980460623344,0.563648234719444,0.04445018865710959
10,2,0.1,0.44243576549385777,0.42527497251695723,0.529692072364107,0.08725630687024921,0.10441709984714975,0.05054585559789082,0.05971607078694008,0.5231931293305253,0.6144052067904167,0.09121207745989135
10,3,0.0,0.42528917537022615,0.4222557613205621,0.4139164315342466,-0.011372743835979526,-0.008339329786315464,-0.008007258731438704,-0.0038914589794225574,0.49749025637344046,0.49749025637344046,0.0
10,3,0.01,0.42130848364398077,0.41830334054840723,0.4242056200080735,0.002897136364092723,0.00590227945966626,0.00041414778712789424,0.004046096960969692,0.4947060449903319,0.5062523074693515,0.011546262479019576
10,3,0.05,0.41656520794153584,0.41332760170719807,0.4702078738015437,0.053642665860007877,0.05688027209434565,0.028429097603433373,0.03188449349327205,0.4910321612486567,0.5456980444090189,0.05466588316036225
10,3,0.1,0.41327656206779007,0.40966486938578517,0.5287710153512896,0.1154944532834995,0.1191061459655044,0.06372026996430424,0.06699851022650816,0.488179528554718,0.5959769421279031,0.10779741357318506
10,4,0.0,0.39231717728969884,0.3860388948915706,0.3851183369862715,-0.007198840303427323,-0.000920557905299102,-0.0038923059102988766,0.0011561877230564788,0.48226912094033714,0.48226912094033714,0.0
10,4,0.01,0.39209425105922446,0.3848548662130654,0.39523368426931516,0.003139433210090692,0.010378818056249739,0.0007724946749556594,0.00616535615081526,0.4807985062487703,0.490779724788041,0.009981218539270698
10,4,0.05,0.3945633651525182,0.3860955045096758,0.44256363836390133,0.048000273211383115,0.056468133854225555,0.02492112093365706,0.030636886111458428,0.47956330590668184,0.5306422525872984,0.05107894668061652
10,4,0.1,0.3984082679869093,0.3890585533322698,0.503477928293804,0.10506966030689469,0.1144193749615342,0.05617920322105019,0.06099074361757395,0.47910065089265164,0.5819591199151888,0.10285846902253715
10,5,0.0,0.451927292247582,0.4464405747439094,0.4377267134751066,-0.01420057877247538,-0.008713861268802803,-0.008870942092250256,-0.00485371208450236,0.5081473316693277,0.5081473316693277,0.0
10,5,0.01,0.4523193116804053,0.4467294752495087,0.4461841996146185,-0.006135112065786763,-0.0005452756348901522,-0.00400386291728394,0.00018572556393814388,0.510356602659555,0.5153193988114413,0.004962796151886328
10,5,0.05,0.4527043017685909,0.4465883130542403,0.48713914604420916,0.03443484427561827,0.040550832989968866,0.02123797422847873,0.025444360130955967,0.5133839160372135,0.5509652862316949,0.03758137019448149
10,5,0.1,0.4528526526196983,0.44604734562725756,0.54067708340039,0.08782443078069169,0.09462973777313244,0.053320251478204295,0.05840659025974959,0.5156835838295617,0.5977540623692013,0.08207047853963956
11,0,0.0,0.4172478733215208,0.4080690427017345,0.4098334512682167,-0.007414422053304115,0.0017644085664821896,-0.0030996063461820045,0.002406105110575596,0.48826023335120694,0.48826023335120694,0.0
11,0,0.01,0.4256395080514678,0.4176333400426223,0.42118988360305265,-0.004449624448415124,0.0035565435604303364,-0.0010306554548042968,0.003417729556991822,0.49285374871733634,0.4977435653516359,0.004889816634299549
11,0,0.05,0.432929573906895,0.42623663747133966,0.46909306277340934,0.036163488866514326,0.04285642530206968,0.02089566244187724,0.02420149710635755,0.4979432649722161,0.5389176042228787,0.04097433925066263
11,0,0.1,0.4356113877854487,0.42971482272808625,0.5294979118506667,0.09388652406521802,0.09978308912258049,0.05207651747501063,0.05459805370958204,0.5011153796977768,0.5911179882489022,0.09000260855112541
11,1,0.0,0.44685905788064284,0.4435258932441374,0.4410500423375787,-0.005809015543064122,-0.002475850906558663,-0.001743400880306778,-0.0006390222972935122,0.5260043790860585,0.5260043790860585,0.0
11,1,0.01,0.4405877606637175,0.43720037714066695,0.44909177104764386,0.008504010383926341,0.01189139390697691,0.007460044259075871,0.008406573137077933,0.5230245474213273,0.5327910051000091,0.009766457678681784
11,1,0.05,0.43259189874451376,0.4288520536544438,0.4889514341451543,0.05635953540064054,0.06009938049071051,0.034065369642306775,0.035309952844351566,0.5192146854468349,0.5667140813041123,0.04749939585727736
11,1,0.1,0.42658267571298547,0.4223599313514449,0.541164907721539,0.11458223200855355,0.11880497637009413,0.06701943255454412,0.06912971811621538,0.5162160785485637,0.611201529089801,0.0949854505412373
11,2,0.0,0.4180545443861623,0.4089659308954695,0.4100073075109184,-0.00804723687524389,0.0010413766154488968,-0.006206311419779453,-0.0019674510311437077,0.48549889806426405,0.48549889806426405,0.0
11,2,0.01,0.4092652132278052,0.40047361953820293,0.42389875019551304,0.01463353696770786,0.02342513065731011,0.0031581648363606662,0.00730336979893953,0.4830156499367625,0.4980488876539404,0.015033237717177905
11,2,0.05,0.3983962514008077,0.39006211380376943,0.4743003378743491,0.07590408647354141,0.08423822407057968,0.03447296292069013,0.038630662990873144,0.4800468222772578,0.5425738320397218,0.06252700976246395
11,2,0.1,0.39093196674417274,0.3829873942168781,0.535409672495567,0.1444777057513943,0.15242227827868893,0.07266726467815443,0.07701370633352722,0.4781058110444085,0.596284838313833,0.11817902726942453
11,3,0.0,0.41785974405965953,0.4141449166803802,0.41193779629682303,-0.005921947762836499,-0.002207120383557193,-0.001645429492894812,0.0007251861423879236,0.5039496852985139,0.5039496852985139,0.0
11,3,0.01,0.4124565292716186,0.40954931193700206,0.4243150670629501,0.011858537791331503,0.014765755125948021,0.006714048796875982,0.008682596696191536,0.5032837464168797,0.5146865083632362,0.011402761946356477
11,3,0.05,0.4053647127665385,0.40321808607049037,0.47256536595360743,0.06720065318706891,0.06934727988311706,0.035391726677061475,0.03629190789275827,0.5019655808794119,0.5557984663760145,0.05383288549660259
11,3,0.1,0.4001355903751693,0.39831521080784504,0.5322692796557904,0.13213368928062108,0.13395406884794536,0.07233625764330964,0.07295106680909913,0.5006668884412866,0.6064810157982183,0.10581412735693174
11,4,0.0,0.43133282044262056,0.43274711194182025,0.425886175652752,-0.00544664478986856,-0.0068609362890682535,-0.002533476028171666,-0.004079523284757802,0.5133909010810334,0.5133909010810334,0.0
11,4,0.01,0.42977604968530037,0.43143951817665416,0.44023735182814294,0.010461302142842577,0.008797833651488784,0.007826718171214386,0.006606228142095771,0.5114941694636601,0.5257149914298753,0.014220821966215214
11,4,0.05,0.4275225367574259,0.4291856358036945,0.48888291447620225,0.06136037771877634,0.059697278672507736,0.037273804727914195,0.03616698003557972,0.5087045959321443,0.567205984293121,0.058501388360976625
11,4,0.1,0.425709261325638,0.42712845017434276,0.5472361934178059,0.12152693209216792,0.12010774324346318,0.074315227722485,0.07263501742187806,0.506426783590892,0.6168934693274757,0.11046668573658369
11,5,0.0,0.43189154477987657,0.42558888383073046,0.42769532152991985,-0.004196223249956721,0.0021064376991893896,-0.0004893753673818058,0.0034844057606405743,0.5014058877963015,0.5014058877963015,0.0
11,5,0.01,0.43136635020869396,0.4252485299855724,0.43949456848051416,0.008128218271820198,0.01424603849494177,0.008846245028551025,0.013019024549937419,0.5009885801598246,0.5116961807837044,0.010707600623879765
11,5,0.05,0.4312826427698818,0.42485221660438743,0.4850077886319285,0.053725145862046686,0.06015557202754107,0.03689240086679202,0.041561794152768505,0.5009073560416635,0.5514421572987205,0.050534801257057005
11,5,0.1,0.43168095524962935,0.42459022934390633,0.5415858682159644,0.10990491296633509,0.1169956388720581,0.07083203302595009,0.07550674860563922,0.5011981906135063,0.6008637194002877,0.09966552878678137
12,0,0.0,0.45515355208589137,0.4479720423954723,0.44534117515456173,-0.009812376931329636,-0.0026308672409105505,-0.0041519403502012775,0.000872835590776111,0.5246051798721333,0.5246051798721333,0.0
12,0,0.01,0.4564045972146942,0.44897801644521107,0.45580315506462976,-0.0006014421500644129,0.006825138619418691,0.0008860562936321426,0.006314958617179789,0.5261600699595314,0.5335961579116324,0.007436087952101045
12,0,0.05,0.45746133733917693,0.45000260321074737,0.49879046730188026,0.041329129962703326,0.04878786409113289,0.025938529614705996,0.03125645988993253,0.5275787167025361,0.570549344887969,0.04297062818543296
12,0,0.1,0.4577887463687166,0.45052205136287093,0.5530429221741511,0.0952541758054345,0.10252087081128014,0.06033780912786346,0.06428592476323103,0.528149534261181,0.6171880011566213,0.08903846689544026
12,1,0.0,0.42682395158742503,0.42271046573303606,0.4197051708859695,-0.0071187807014555515,-0.0030052948470665752,-0.0037306787761971494,-0.0020311099766477936,0.5109141427912189,0.5109141427912189,0.0
12,1,0.01,0.4213202678643515,0.41717846137662484,0.4322177132389631,0.01089744537461157,0.015039251862338232,0.007170214826010324,0.008441958692045337,0.5069477673182838,0.5217778305556262,0.014830063237342372
12,1,0.05,0.41421206648694253,0.41002540854863845,0.47892962994734634,0.0647175634604038,0.06890422139870789,0.038586209916416814,0.04007476208491523,0.5019729719704945,0.561592216228619,0.05961924425812448
12,1,0.1,0.4089061808410279,0.40468227441450866,0.5363834589811045,0.1274772781400766,0.13170118456659585,0.0748185254814484,0.0762096876492877,0.49834308837857055,0.610364265078139,0.11202117669956846
12,2,0.0,0.4416445532305665,0.43135474887924086,0.4308655112051817,-0.010779042025384822,-0.0004892376740591731,-0.006018467387648885,0.002346103898763441,0.5203927755595494,0.5203927755595494,0.0
12,2,0.01,0.4399551339811085,0.4267522881372604,0.4376117819387556,-0.0023433520423529197,0.010859493801495201,0.0003129582013152721,0.009971604685422575,0.5210480415302335,0.5260401995214649,0.004992157991231316
12,2,0.05,0.43746936584374874,0.4210762245826041,0.4796593929970079,0.042190027153259146,0.05858316841440381,0.0263622042566658,0.03702156087775155,0.5201620372780253,0.5615026308203459,0.04134059354232056
12,2,0.1,0.43530591404432406,0.41706523100752446,0.5360125705652174,0.10070665652089339,0.11894733955769299,0.06027525805715939,0.07099753101386053,0.5180257095866674,0.6090725424376553,0.09104683285098791
12,3,0.0,0.435584560839438,0.4234777175534564,0.42522985024271787,-0.010354710596720107,0.001752132689261443,-0.006260338058993176,-0.0004640476366033486,0.5169142394771596,0.5169142394771596,0.0
12,3,0.01,0.4417602094630495,0.4307569735800203,0.44027266299254264,-0.001487546470506862,0.009515689412522343,-0.0022807201589475357,0.0030094034156575855,0.519850711182221,0.5294026754908219,0.009551964308600835
12,3,0.05,0.4469469330783542,0.43773868057084697,0.49043191872153746,0.04348498564318326,0.05269323815069049,0.021975535385252876,0.026114059838255987,0.5215292989743379,0.571464670024238,0.04993537104990009
12,3,0.1,0.44876621683817497,0.4411495095731768,0.5502587174247837,0.10149250058660875,0.10910920785160694,0.05685990158468779,0.060366544470013106,0.5213080468143049,0.6217570105818946,0.10044896376758972
12,4,0.0,0.4550770788126247,0.44865205259090024,0.4540415579862882,-0.0010355208263365112,0.005389505395387961,-1.3208999594782611e-05,0.004645459235605887,0.5234317666301953,0.5234317666301953,0.0
12,4,0.01,0.4531092737519593,0.4468892415335627,0.46739111577798753,0.014281842026028224,0.020501874244424845,0.011914255075121116,0.015750228159861934,0.5220114322050503,0.535185064311072,0.013173632106021738
12,4,0.05,0.4480417198175787,0.4423522674486132,0.5134255502337537,0.06538383041617502,0.07107328278514047,0.041410831255377145,0.0443957792696702,0.5189842002602554,0.5755641647382945,0.056579964478039146
12,4,0.1,0.44241938431053185,0.4373239553210867,0.5688756037210841,0.1264562194105523,0.13155164839999745,0.07619813289128297,0.07927487263661981,0.5158679050413021,0.624158266246376,0.10829036120507396
12,5,0.0,0.3853063270550313,0.37774677942537793,0.3801685133905256,-0.005137813664505719,0.0024217339651476655,-0.003985139776166213,-0.00023399569839099854,0.4808423299232938,0.4808423299232938,0.0
12,5,0.01,0.38579290890374773,0.37800582015551965,0.3918557615863333,0.006062852682585551,0.01384994143081364,0.0013486508102392714,0.004943713300557873,0.4820705270819733,0.49062406402128267,0.00855353693930938
12,5,0.05,0.38825683488473006,0.3804125800209748,0.44038344531581075,0.05212661043108069,0.05997086529483597,0.023953330515854354,0.027034763635772174,0.48377843578358826,0.531313904160627,0.0475354683770387
12,5,0.1,0.39150012992101824,0.3838014377845197,0.5016583279535296,0.11015819803251137,0.11785689016900991,0.05478726872876272,0.05836475945242103,0.48513980202867213,0.5827123462891365,0.09757254426046436
13,0,0.0,0.4437207826946914,0.43674535462700836,0.43517242209942,-0.00854836059527142,-0.0015729325275883888,-0.003792135176444833,-0.0008414323195137241,0.5213998303992396,0.5213998303992396,0.0
13,0,0.01,0.44773273049369544,0.4395239600474199,0.4465181100303617,-0.0012146204633337598,0.006994149982941789,0.0010660255520897888,0.004820768144248699,0.5223046068665487,0.5307412533199674,0.008436646453418684
13,0,0.05,0.4508434480391176,0.4412707389862204,0.49128338679038186,0.04043993875126428,0.05001264780416148,0.02567559785509954,0.030666894589117977,0.522795796524903,0.5684585388928916,0.04566274236798851
13,0,0.1,0.45148151338224185,0.4411025009644305,0.5472144419242474,0.09573292854200555,0.10611194095981691,0.05923121762903538,0.06483192915732461,0.52261641907053,0.6158001366760182,0.09318371760548816
13,1,0.0,0.4519052790494813,0.4456507167401952,0.4410834419023707,-0.010821837147110602,-0.0045672748378244865,-0.004616395094400372,-0.002115268499113254,0.527158658216595,0.527158658216595,0.0
13,1,0.01,0.447883024564216,0.4415375518300466,0.45208242867017157,0.00419940410595554,0.01054487684012495,0.0021788686534098822,0.004521246012189062,0.5248325742012347,0.5364765760706576,0.011644001869422826
13,1,0.05,0.44255295095873026,0.4360170179935028,0.4969116161358411,0.054358665177110854,0.06089459814233833,0.028144087393418338,0.030726614111409867,0.5212994831957645,0.5744688381245195,0.053169354928755075
13,1,0.1,0.4384817326074131,0.4317560731138522,0.5529831529505668,0.11450142034315369,0.12122707983671455,0.061159238962084195,0.06347042173323447,0.5182374309178381,0.6219942868361257,0.10375685591828754
13,2,0.0,0.4148869828998295,0.40726067404849997,0.39830792520970504,-0.016579057690124466,-0.008952748838794933,-0.009779667823634819,-0.004251110993248708,0.49227242333469823,0.49227242333469823,0.0
13,2,0.01,0.41714001318238036,0.41016522703908187,0.408947927777919,-0.008192085404461369,-0.0012172992611628741,-0.004643992718717849,1.0174689912156865e-05,0.49247996492313895,0.5011235976338897,0.008643632710750748
13,2,0.05,0.4191998533075154,0.4131503999461912,0.4550037195407848,0.035803866233269366,0.041853319594593597,0.019635846629219245,0.02336441978563375,0.4934235659855899,0.5399491772115772,0.04652561122598731
13,2,0.1,0.4200093904978507,0.4147021482160981,0.5137242334407235,0.0937148429428728,0.09902208522462541,0.05327967645034626,0.05592255823058001,0.4946047325742786,0.5895669347658621,0.09496220219158347
13,3,0.0,0.4047224656603916,0.402171299399246,0.39632015928579467,-0.008402306374596935,-0.005851140113451336,-0.0031061881986942375,-0.002963771448650565,0.4929050865374338,0.4929050865374338,0.0
13,3,0.01,0.4009647502339344,0.3974591686269666,0.4089139955189237,0.007949245284989304,0.011454826891957093,0.003953461361823174,0.0045999570817798485,0.49249003527667967,0.5038908118206025,0.011400776543922797
13,3,0.05,0.39771732792419345,0.3930984937617866,0.45608260322936434,0.05836527530517088,0.06298410946757771,0.02851933884359914,0.029793340168198457,0.4930505259169825,0.5440909460106366,0.05104042009365406
13,3,0.1,0.39659349094354934,0.39125672967106606,0.5145503937447083,0.117956902801159,0.12329366407364228,0.060935497794500915,0.06295400395128137,0.4943191603790602,0.5936644005786775,0.09934524019961732
13,4,0.0,0.3940132539408262,0.3924637797670105,0.38508662623224776,-0.008926627708578438,-0.007377153534762759,-0.004162413694900113,-0.0029584300419002174,0.49316027783399474,0.49316027783399474,0.0
13,4,0.01,0.391101498550124,0.38893234034730806,0.3939647648357365,0.002863266285612509,0.005032424488428444,0.001673626938365702,0.002787467040755942,0.4860340245731056,0.5007884960429212,0.014754471469815567
13,4,0.05,0.3885772495233998,0.3855293690436232,0.4377312208257319,0.04915397130233212,0.05220185178210868,0.027994887835164683,0.02995278322507522,0.4780692356445465,0.5373179543552343,0.05924871871068782
13,4,0.1,0.38729639560645956,0.38354889157226213,0.4948924830480207,0.10759608744156113,0.11134359147575856,0.05999979716797521,0.06174355095038275,0.47285233321266784,0.5848056080554977,0.11195327484282991
13,5,0.0,0.3941833520744411,0.3888162594072204,0.38768743756851987,-0.006495914505921241,-0.0011288218387005555,-0.004548845577496574,-0.0025205389316391713,0.48503577022976296,0.48503577022976296,0.0
13,5,0.01,0.39647106473579674,0.39125874692637286,0.4011760594467899,0.004704994710993171,0.009917312520417054,0.0010861834097510847,0.0028502852289701286,0.4828974582785903,0.4964592715168126,0.013561813238222253
13,5,0.05,0.4014282821289651,0.3958448792232325,0.4515344918679941,0.05010620973902902,0.05568961264476158,0.024760584623894633,0.02665691308658591,0.48094638905885456,0.5389816603925226,0.05803527133366804
13,5,0.1,0.4065526146089663,0.4002584099621497,0.5133781612272161,0.10682554661824983,0.11311975126506646,0.056916504412639735,0.05983724001103974,0.48014129795232907,0.5911676572504629,0.11102635929813387
14,0,0.0,0.37965065251659913,0.3740757550732722,0.3715150341772996,-0.008135618339299544,-0.0025607208959725902,-0.0044234494070822805,-0.0023383290380771804,0.4804062531418303,0.4804062531418303,0.0
14,0,0.01,0.37985310533069117,0.3742708621357824,0.3879140366696041,0.008060931338912947,0.01364317453382169,0.0028703154502884853,0.004879348086155977,0.47766056833615655,0.49409034126449936,0.0164297729283428
14,0,0.05,0.38327107501986657,0.3776664250675481,0.4426257804085446,0.05935470538867804,0.0649593553409965,0.029084998169930154,0.03185958189492688,0.47542219615981407,0.5394964001228515,0.06407420396303742
14,0,0.1,0.3882138745331317,0.3825792408662957,0.5077849396567384,0.11957106512360671,0.12520569879044274,0.06239775002777359,0.06668139154457264,0.4748583886067743,0.5935036154379485,0.11864522683117418
14,1,0.0,0.4195342244011835,0.41395526881540334,0.40915689659976107,-0.01037732780142242,-0.004798372215642277,-0.00547049738168226,-0.003824472455773331,0.4914370746045871,0.4914370746045871,0.0
14,1,0.01,0.4202823798562485,0.41466534463809523,0.4203424810295534,6.010117330490505e-05,0.005677136391458171,-0.0011692955039425135,0.0014732173742878496,0.4900324324053328,0.5010052012883953,0.010972768883062534
14,1,0.05,0.42102431215813707,0.4152911077709698,0.46678715275892446,0.04576284060078739,0.05149604498795468,0.022202206147684644,0.02464904474615759,0.48914443270174757,0.540928810728792,0.051784378027044387
14,1,0.1,0.4213148620467674,0.41543952912238946,0.5253295830921899,0.10401472104542253,0.10989005396980045,0.05349691016022928,0.055902223540697404,0.48916667394563784,0.5913050363178027,0.10213836237216489
14,2,0.0,0.4076497004339338,0.40238899778612736,0.40391196082904857,-0.003737739604885215,0.0015229630429212104,0.0003656287757989318,0.002133666403614898,0.5053949629873065,0.5053949629873065,0.0
14,2,0.01,0.40607408995705285,0.40010044736290606,0.4151829689457732,0.00910887898872037,0.015082521582867159,0.0077958158635850205,0.011449184073821783,0.5076308978775594,0.5146942920618742,0.007063394184314786
14,2,0.05,0.4050894599576015,0.3984667842108275,0.4627612498750501,0.05767178991744859,0.06429446566422259,0.03622769335971232,0.04012823933099552,0.5101512807305302,0.5541753388862595,0.044024058155729295
14,2,0.1,0.4052647487490151,0.39837945033090916,0.5228235037421088,0.11755875499309376,0.12444405341119968,0.06992209320986453,0.07401894781379681,0.5117574610225759,0.6040701106609233,0.0923126496383474
14,3,0.0,0.4274521476683669,0.4209420173286652,0.4277534178105332,0.0003012701421662989,0.006811400481868013,0.0014185837507955101,0.005694612203321681,0.5126183174313335,0.5126183174313335,0.0
14,3,0.01,0.42995555882653735,0.42389503376108084,0.44245247277428357,0.012496913947746213,0.018557439013202726,0.009670028958116195,0.013410831858207017,0.5132962806808543,0.5252525028889228,0.011956222208068468
14,3,0.05,0.4345797076477438,0.42916349903201867,0.49056059265744467,0.05598088500970089,0.061397093625426,0.03638117575325428,0.039022758307730054,0.5143836140902817,0.5664698414192191,0.05208622732893742
14,3,0.1,0.439153416922205,0.43425834720169765,0.5480456018852342,0.10889218496302921,0.11378725468353657,0.07031876900683465,0.0727285105061678,0.5154523199404057,0.6156759585067616,0.10022363856635585
14,4,0.0,0.4113114472934125,0.4105948952231593,0.40411360349924574,-0.0071978437941667694,-0.00648129172391354,-0.0024673485774787673,-0.0020699529700837216,0.49157736895790927,0.49157736895790927,0.0
14,4,0.01,0.4125719591186695,0.41183361156232723,0.41626143227668755,0.0036894731580180418,0.00442782071436032,0.0018475366846100183,0.002545336462863923,0.49261867300018325,0.501975692678131,0.009357019677947775
14,4,0.05,0.4150128746062026,0.4139681139420802,0.4623806793332129,0.0473678047270103,0.0484125653911327,0.02444204883145107,0.024784763902033435,0.49549501076787095,0.5414223446114403,0.045927333843569396
14,4,0.1,0.41745808779497895,0.4159707840978212,0.5198812178471015,0.10242313005212256,0.10391043374928033,0.0561746085782161,0.05637488089737852,0.49883469729639573,0.590597235693223,0.09176253839682724
14,5,0.0,0.38746595005305307,0.3852780723656031,0.37636657545369123,-0.011099374599361833,-0.008911496911911843,-0.007120009047256293,-0.00558738147518234,0.46432214830745644,0.46432214830745644,0.0
14,5,0.01,0.3879764243414936,0.3853432586130593,0.39073522718907794,0.0027588028475843407,0.005391968576018646,0.0009029268863017803,0.0025088982773311397,0.46444457469870226,0.4766257566682962,0.012181181969593946
14,5,0.05,0.38816542866107095,0.38499964803561904,0.4438706391345535,0.055705210473482536,0.058870991098934455,0.029134104072827127,0.030518175895432598,0.4648506013300414,0.5222383651269478,0.057387763796906355
14,5,0.1,0.3880580645160895,0.3845467116982719,0.5087114403241277,0.12065337580803825,0.12416472862585581,0.06540194528765719,0.06745480687254446,0.4654307108525272,0.5779341413632884,0.11250343051076117
15,0,0.0,0.4121412866961207,0.4085694674917286,0.41107357863414795,-0.0010677080619727608,0.0025041111424193296,-0.0005915472229124363,0.0014125256248257445,0.49193128592512736,0.49193128592512736,0.0
15,0,0.01,0.4086798821096139,0.4039322722420413,0.42492762200076084,0.016247739891146917,0.020995349758719528,0.00990346969822653,0.01225873861312754,0.4891748815762219,0.5039611041486014,0.014786222572379493
15,0,0.05,0.4053818452534448,0.39900539639527843,0.4727552961488488,0.06737345089540403,0.07374989975357038,0.03655772184361217,0.04007102965382636,0.4864105396722117,0.5453969932534128,0.05898645358120114
15,0,0.1,0.4038183947435987,0.39615644391209004,0.5307435933170029,0.12692519857340423,0.1345871494049129,0.06904916505801295,0.07392461942965489,0.48494664378374686,0.5956063889111844,0.11065974512743759
15,1,0.0,0.43726940361009303,0.4301531800866244,0.4303578968556888,-0.0069115067544042175,0.00020471676906441694,-0.002501188945026045,0.0034900480312609616,0.5125928796049325,0.5125928796049325,0.0
15,1,0.01,0.43729486319845834,0.4302724187032463,0.44276106980403707,0.005466206605578727,0.012488651100790782,0.003445282893584811,0.009473704126381155,0.5138458118828422,0.5233209812782671,0.00947516939542492
15,1,0.05,0.43640005549717953,0.4294373492271283,0.49035441987998496,0.05395436438280543,0.060917070652856675,0.028130829543667524,0.03419220859533778,0.5145391089700295,0.5642614826846882,0.04972237371465871
15,1,0.1,0.4351250450619294,0.4281633970257064,0.5489782186585264,0.11385317359659697,0.12081482163281998,0.06156536916434163,0.06665021090826029,0.5144123186554462,0.6146316902914124,0.10021937163596617
15,2,0.0,0.41228746062148713,0.4084909452945973,0.40100970707904404,-0.011277753542443092,-0.007481238215553243,-0.007881509577124524,-0.004002208404637497,0.5074932266019361,0.5074932266019361,0.0
15,2,0.01,0.41464092791803697,0.41040544843789784,0.41216919431362786,-0.00247173360440911,0.0017637458757300273,-0.0015767545125436877,0.0021691532653499435,0.510770291915307,0.516551724585788,0.005781432670481035
15,2,0.05,0.4190949437148007,0.4141117845052369,0.45795808484993783,0.038863141135137114,0.04384630034470094,0.02233690920847553,0.025253975121057426,0.5154912680886318,0.5541605761778696,0.03866930808923785
15,2,0.1,0.42350933336370333,0.4178379670665491,0.5159691439535979,0.09245981058989461,0.09813117688704887,0.05250235083706545,0.055287321302983305,0.5193873540939113,0.6019160885013259,0.0825287344074146
15,3,0.0,0.43206768039457466,0.43331829692860435,0.4246473480444045,-0.007420332350170145,-0.008670948884199836,-0.005386701087943813,-0.005697161118535798,0.5211616885377157,0.5211616885377157,0.0
15,3,0.01,0.4291398440261188,0.430263166668729,0.4400183548112654,0.010878510785146567,0.009755188142536397,0.004729298926360648,0.003986055137519706,0.5191771341136734,0.534179830244464,0.015002696130790638
15,3,0.05,0.4258348906634264,0.4265188727882795,0.48934775482617343,0.06351286416274704,0.06282888203789394,0.03385420082057389,0.03240499617687931,0.5167486503739419,0.575604183712292,0.05885553333835014
15,3,0.1,0.42383833414172234,0.4239920798964233,0.5477549596783645,0.12391662553664218,0.12376287978194123,0.06865013865156289,0.06760915093717967,0.51512777086388,0.6245391393054008,0.10941136844152088
15,4,0.0,0.41160034677073043,0.40509330382396247,0.4034343679539618,-0.008165978816768615,-0.0016589358700006551,-0.0015617392329074775,0.00035092316215568076,0.4887412214513285,0.4887412214513285,0.0
15,4,0.01,0.4120599306256427,0.40618434700730166,0.4164018735379985,0.0043419429123557896,0.010217526530696852,0.00391984612779861,0.0053741401621058005,0.4865350159298166,0.5001341064784367,0.013599090548620074
15,4,0.05,0.4115546163852193,0.40649119612754914,0.4662090929929681,0.0546544766077488,0.05971789686541895,0.02937482346644371,0.029976579262632086,0.48309637717686327,0.5432250372657688,0.060128660088905495
15,4,0.1,0.41030423028630814,0.40581882116272794,0.5274494393240743,0.11714520903776615,0.12163061816134635,0.061898543397523986,0.06311438350720056,0.48013320039862173,0.5960358980437603,0.11590269764513861
15,5,0.0,0.4016313185279595,0.3965477084067822,0.3840923269764658,-0.017538991551493743,-0.012455381430316437,-0.0076503785966778315,-0.005840397693714916,0.4946873857127375,0.4946873857127375,0.0
15,5,0.01,0.4095206236185538,0.40362062345517813,0.3929362589487234,-0.016584364669830376,-0.010684364506454713,-0.0072270296696199665,-0.004384332375026445,0.4961026650166781,0.5016031733182316,0.005500508301553464
15,5,0.05,0.42006502529639045,0.413399437288682,0.43937869049430456,0.01931366519791411,0.025979253205622554,0.011267152680389914,0.013429334964968453,0.49739716433680625,0.5393545490772401,0.04195738474043387
15,5,0.1,0.42789369705918356,0.4209009574186492,0.5003645848802885,0.07247088782110489,0.07946362746163926,0.040081093057677486,0.04127759685218613,0.4978572977885596,0.5892071477781002,0.09134984998954065
16,0,0.0,0.41488768931513564,0.41046854975314007,0.4089182025102811,-0.00596948680485454,-0.0015503472428589626,-0.002676442859220196,5.5830902684239625e-05,0.49557144247170937,0.49557144247170937,0.0
16,0,0.01,0.4165020761127215,0.41197208129363183,0.4175291855517608,0.0010271094390392754,0.005557104258128942,0.0026007822860812935,0.0050701881668956394,0.4933627015504356,0.5028596345197784,0.009496932969342842
16,0,0.05,0.4191699571728227,0.41435369345985396,0.4606940818178762,0.041524124645053506,0.04634038835802223,0.024045175105330885,0.027107259006378448,0.4912069099769618,0.5396626454345694,0.04845573545760762
16,0,0.1,0.4213596123985398,0.41621446040926025,0.5171993389663099,0.09583972656777007,0.10098487855704963,0.05190211328149974,0.054687215054901706,0.490005396814855,0.5878978884014343,0.09789249158657931
16,1,0.0,0.4209633663240606,0.4108016616014353,0.40630132787969386,-0.014662038444366754,-0.004500333721741412,-0.007700887721406757,-0.0036697507521310513,0.5038794470601811,0.5038794470601811,0.0
16,1,0.01,0.41746453751305224,0.40845919887048165,0.42261560640376894,0.0051510688907167035,0.014156407533287285,0.002918505004043559,0.006005663350967971,0.5042726857767434,0.5179258581861365,0.01365317240939301
16,1,0.05,0.41306873314970427,0.4056239773459098,0.474418408513128,0.06134967536342373,0.06879443116721817,0.03259556532796093,0.03584693751827883,0.504557054457001,0.561749824061606,0.057192769604604954
16,1,0.1,0.41012139344095155,0.4038693015690571,0.5354884422087389,0.12536704876778737,0.13161914063968183,0.06827582496625373,0.07132944811757935,0.5047449438790819,0.6131736042772384,0.10842866039815657
16,2,0.0,0.42207868327796594,0.4173662716376758,0.41610316403394665,-0.0059755192440192895,-0.0012631076037291633,-0.0036745494673567913,0.0007922818697604361,0.49377926705785735,0.49377926705785735,0.0
16,2,0.01,0.42005664838123824,0.41557455784328334,0.4252084407692299,0.005151792387991683,0.00963388292594658,0.0009693789517750684,0.005423426599141079,0.4936999427649956,0.5017823349530691,0.008082392188073495
16,2,0.05,0.41621440118124176,0.41208392071347844,0.46916027762935597,0.052945876448114215,0.057076356915877535,0.024467054045842707,0.02808637907485434,0.49393351928798035,0.5400813530841817,0.046147833796201354
16,2,0.1,0.4123869987096963,0.4085571673122741,0.5261826872386568,0.11379568852896049,0.1176255199263827,0.05698911386404637,0.06053642481166599,0.49429761931593463,0.5897011435326899,0.09540352421675524
16,3,0.0,0.4836629018889006,0.47801993383125774,0.47869361283587986,-0.004969289053020742,0.0006736790046221186,-0.003345184547864033,0.001318391463716373,0.5415670883662103,0.5415670883662103,0.0
16,3,0.01,0.47913458954435817,0.473247108092967,0.4903880730365697,0.011253483492211558,0.017140964943602732,0.0074827684733357325,0.01073403248758753,0.539749476043432,0.5521154907836192,0.01236601474018717
16,3,0.05,0.4728141499974873,0.4666998420358289,0.532073589013605,0.05925943901611774,0.06537374697777609,0.03615354825551409,0.03934753473274233,0.5371249934492617,0.5891938209928977,0.052068827543636065
16,3,0.1,0.4677718341560211,0.4615578538621594,0.5830257161625267,0.11525388200650566,0.12146786230036732,0.06993180211462391,0.07285169688988169,0.534939979992048,0.6343647625754383,0.09942478258339027
16,4,0.0,0.42611212803082166,0.4148037479078215,0.41670438932898635,-0.009407738701835311,0.0019006414211648615,-0.004848672387265274,-2.768117961260419e-05,0.5014273069487707,0.5014273069487707,0.0
16,4,0.01,0.4185018744999216,0.4069355443150794,0.425450855030986,0.006948980531064408,0.01851531071590662,0.005550859220753157,0.009856321820130853,0.49653239061134957,0.5088986690514636,0.012366278440114065
16,4,0.05,0.4072502528348876,0.39569394167694905,0.469522695569198,0.06227244273431043,0.07382875389224897,0.035448110391564036,0.03951304283463719,0.4899262189754092,0.546621257610044,0.056695038634634765
16,4,0.1,0.39769503943958884,0.3864124750169433,0.526808752243619,0.12911371280403017,0.1403962772266757,0.07216218395155105,0.07695477158857611,0.48464702916605207,0.5956707405442846,0.11102371137823253
16,5,0.0,0.42309248525385357,0.4176749310048431,0.41249335822888245,-0.010599127024971122,-0.005181572775960652,-0.005481067770251369,-0.0021114939396070787,0.4941217750868786,0.4941217750868786,0.0
16,5,0.01,0.4280915302029623,0.42314923044526487,0.4257276095675976,-0.0023639206353647246,0.002578379122332719,-0.0004855715215617007,0.0027845743360277453,0.49666623569362134,0.5054302383775966,0.008764002683975258
16,5,0.05,0.4339574559279249,0.4293344056341256,0.47432332453469306,0.04036586860676816,0.04498891890056744,0.021956865205969178,0.02468720655399037,0.5001598233456026,0.5471825784786499,0.04702275513304732
16,5,0.1,0.43792201872279934,0.43330509360952296,0.5339505036777437,0.09602848495494432,0.1006454100682207,0.05225499680978207,0.05549512617388608,0.5030007641125787,0.5984800825126735,0.09547931840009483
17,0,0.0,0.42662317989694487,0.4197570588170141,0.41952964615137256,-0.007093533745572311,-0.0002274126656415243,-0.0018233209789255689,0.0012414628125431149,0.5061060708882827,0.5061060708882827,0.0
17,0,0.01,0.4251657783189703,0.4177021088648466,0.4288480794251027,0.003682301106132435,0.011145970560256124,0.0014558803324360436,0.005182708551446091,0.5050988987215186,0.5142056948961464,0.00910679617462784
17,0,0.05,0.4231860722569172,0.41513699440411345,0.4722905058087963,0.0491044335518791,0.05715351140468283,0.024481695023386485,0.02847144365242027,0.5039306806815644,0.551449329403416,0.04751864872185152
17,0,0.1,0.4215504689958728,0.413227819913629,0.5283835739630731,0.10683310496720033,0.11515575404944411,0.05828576645598749,0.06234480251548602,0.5030708435057676,0.5994254290868914,0.09635458558112386
17,1,0.0,0.37673265652949983,0.37048599580511465,0.3671059551240581,-0.009626701405441751,-0.003380040681056573,-0.0044120776629151814,-0.0012109659012995433,0.4793727302741645,0.4793727302741645,0.0
17,1,0.01,0.3747967699477769,0.3675579899192565,0.3783356506690606,0.0035388807212837214,0.01077766074980413,0.0026253151072260783,0.0062336609983574265,0.47527763640660003,0.48869934062562237,0.013421704219022335
17,1,0.05,0.3734984488512365,0.36520838124393085,0.42603536550039867,0.05253691664916216,0.06082698425646782,0.028155493375255802,0.032507305544859144,0.47111342466879025,0.5280705287341645,0.05695710406537424
17,1,0.1,0.37326226470147017,0.364391280447225,0.4866685126418714,0.11340624794040122,0.12227723219464637,0.061099110614971974,0.06550932935441611,0.4687608968250321,0.5780632857142314,0.1093023888891993
17,2,0.0,0.40575579438256604,0.39623723345794204,0.39557746921114756,-0.010178325171418479,-0.0006597642467944809,-0.005426955928684807,0.0005577356742043627,0.4929647982759304,0.4929647982759304,0.0
17,2,0.01,0.4066108673257973,0.3968919874832473,0.3994556606356998,-0.007155206690097504,0.002563673152452539,-0.005581390692020127,0.0006539171400952171,0.4931008815131198,0.4961188667034101,0.0030179851902902843
17,2,0.05,0.4090705016970906,0.39929343461020794,0.43816819528123674,0.029097693584146156,0.038874760671028796,0.013218965673129413,0.018942156521084774,0.4936528208332589,0.5285515909920175,0.03489877015875864
17,2,0.1,0.4116596118774053,0.40199630398454933,0.49327939641562313,0.08161978453821783,0.0912830924310738,0.04218052089611979,0.0477767683563981,0.4941011578939326,0.5748218116426136,0.08072065374868098
17,3,0.0,0.40270318501732527,0.3976693434018027,0.3982322792096198,-0.004470905807705483,0.0005629358078170776,-0.0018274276974689085,0.0002928481432626917,0.4850640384717656,0.4850640384717656,0.0
17,3,0.01,0.400987534496985,0.3970045419340672,0.4096339893675017,0.00864645487051674,0.012629447433434526,0.006214819842136898,0.008652546651199633,0.4837081128672498,0.49486778104891216,0.011159668181662363
17,3,0.05,0.40033256440464204,0.39772039118549585,0.4560522832190116,0.055719718814369545,0.05833189203351574,0.03496643247685849,0.036499579498580736,0.48271969643165924,0.5347047067797818,0.05198501034812253
17,3,0.1,0.4009896923446892,0.3993906372551732,0.5145332458479747,0.11354355350328549,0.11514260859280145,0.06865350726056774,0.06947917669679282,0.4825198213497891,0.5848759026673206,0.10235608131753149
17,4,0.0,0.42391514777059347,0.42012404703970274,0.42075902444731583,-0.0031561233232776376,0.000634977407613091,-0.0006141168671301989,0.0012560043725557968,0.49777239434376697,0.49777239434376697,0.0
17,4,0.01,0.42247952014872514,0.41903910387527654,0.42925147630429494,0.006771956155569803,0.010212372429018401,0.005091169071583246,0.007341022867730529,0.4959382492434964,0.5052374427808826,0.009299193537386174
17,4,0.05,0.41987030659937585,0.4170219686467048,0.471454181696886,0.05158387509751017,0.0544322130501812,0.027275521961501847,0.029827483874433902,0.49418266226073027,0.542054006225589,0.047871343964858704
17,4,0.1,0.4172105361224361,0.4149116093223938,0.5266373549537977,0.10942681883136163,0.11172574563140392,0.05734695446541693,0.05966946391318906,0.4932244049790845,0.5901345955565723,0.09691019057748784
17,5,0.0,0.4297521702166365,0.42007033388657866,0.4252596006428081,-0.0044925695738283755,0.005189266756229438,-0.0016967714041251636,0.0037386916494758227,0.4921473466550249,0.4921473466550249,0.0
17,5,0.01,0.4352570506353324,0.4250858370441447,0.43928525529522455,0.004028204659892176,0.014199418251079843,0.003129191021731925,0.009621187184353563,0.4963508643620993,0.5045882396901045,0.00823737532800517
17,5,0.05,0.44245938742052404,0.43176938921383257,0.4881499965897237,0.04569060916919965,0.05638060737589112,0.029240101623195014,0.0355754223103687,0.5020708733120608,0.5478678595260589,0.04579698621399808
17,5,0.1,0.4480370315566157,0.4370551454422087,0.547285577132959,0.09924854557634333,0.11023043169075031,0.06279402184049654,0.06783793837288932,0.5066976005631872,0.6002282635925216,0.09353066302933433
18,0,0.0,0.4071820747237367,0.4038773618144118,0.392718916315007,-0.014463158408729693,-0.011158445499404812,-0.007450544261801695,-0.006998749590938935,0.5026824994506583,0.5026824994506583,0.0
18,0,0.01,0.4096418338082274,0.4069483546834931,0.4066565476895859,-0.0029852861186414614,-0.00029180699390718434,-0.002594192121387562,-0.002537039127229246,0.5027896157699899,0.5140359955245655,0.011246379754575542
18,0,0.05,0.41401673694568475,0.4119355326741537,0.45654626785801133,0.042529530912326585,0.04461073518385761,0.021551522047845828,0.021162734631752556,0.5027072114462535,0.5549239800120951,0.052216768565841565
18,0,0.1,0.41817174281201064,0.416405338311971,0.5174271426597965,0.09925539984778586,0.10102180434782548,0.05452478161205332,0.0541626608043112,0.5025150375067255,0.6048858384283504,0.10237080092162487
18,1,0.0,0.44751729821738684,0.44295464772446824,0.43620058856375576,-0.011316709653631074,-0.006754059160712478,-0.005996208527699776,-0.0029243148722634116,0.5119673678209349,0.5119673678209349,0.0
18,1,0.01,0.44271479880501396,0.43743413355416194,0.44975569610472577,0.007040897299711801,0.012321562550563825,0.0037588655849389863,0.007511615656957016,0.5092278290136588,0.5239247699167924,0.01469694090313356
18,1,0.05,0.43651658708061425,0.4304093436191754,0.49642180621893706,0.05990521913832281,0.06601246259976168,0.03174386751438496,0.036576787030747626,0.5066528956398642,0.5646024123844722,0.05794951674460802
18,1,0.1,0.4319674867843072,0.42533156902071445,0.5527966007380609,0.12082911395375373,0.12746503171734647,0.0660737551235322,0.07238660303462119,0.5054981737010463,0.613606717660566,0.10810854395951963
18,2,0.0,0.4296814051428295,0.42259441807658304,0.4190100793188527,-0.010671325823976785,-0.003584338757730343,-0.004897432699861315,-0.0012731828089024289,0.48785059640173256,0.48785059640173256,0.0
18,2,0.01,0.4294644207325692,0.4229354665054563,0.4321345766813802,0.002670155948811037,0.009199110175923897,0.0021743484779385147,0.005291763893803592,0.4873749665566002,0.4995425020529488,0.012167535496348636
18,2,0.05,0.4275387682047941,0.42168686435848346,0.48036181823180535,0.052823050027011265,0.05867495387332189,0.029398625177194382,0.03181193309143171,0.4866955388127088,0.5422543683390701,0.055558829526361375
18,2,0.1,0.42492533392315646,0.41953440192845426,0.5393596140857109,0.11443428016255441,0.11982521215725661,0.06503336230428558,0.06750596595093938,0.4861910751394716,0.5944389255055267,0.10824785036605511
18,3,0.0,0.395866027211497,0.3900332398137131,0.38897642844431757,-0.006889598767179428,-0.001056811369395505,-0.002227556701276945,-0.0006124489240798558,0.4706881171478815,0.4706881171478815,0.0
18,3,0.01,0.39482197860124724,0.38888120808753557,0.40141944881710057,0.006597470215853329,0.012538240729564998,0.004586485395116857,0.006823798849222351,0.47247860371417216,0.4815429463084958,0.009064342594323649
18,3,0.05,0.39201143626133095,0.3859220885247844,0.45354812705437675,0.0615366907930458,0.06762603852959237,0.03280237729416324,0.03520190402304557,0.473392841350707,0.5268282485796985,0.05343540722899143
18,3,0.1,0.38900988564652417,0.38280424466093055,0.5184546520785996,0.12944476643207548,0.1356504074176691,0.06936419036242958,0.07200124117161322,0.4730993603949213,0.5831725406411192,0.11007318024619794
18,4,0.0,0.4354018326420398,0.4303906501008272,0.42962680845999357,-0.005775024182046229,-0.0007638416408336512,-0.0029383996885447017,-0.0010661793246806717,0.5067289894012922,0.5067289894012922,0.0
18,4,0.01,0.4409543650577462,0.43707916247258205,0.43612472532987456,-0.0048296397278716485,-0.0009544371427074871,-0.0033904818864238795,-0.0031699553351460796,0.5124074914024325,0.5121129415930721,-0.0002945498093603893
18,4,0.05,0.44472319840292507,0.4422506505849523,0.4774147082701644,0.03269150986723934,0.035164057685212136,0.016957185472073144,0.016772264761811928,0.5183532943650033,0.5476021479606392,0.029248853595635893
18,4,0.1,0.44474899828111014,0.443224975593946,0.5332509872823921,0.08850198900128192,0.09002601168844604,0.04808960002792839,0.04789363011739589,0.5215581456562978,0.5958031690033194,0.07424502334702165
18,5,0.0,0.4417595863195676,0.4322771084480862,0.42954145207076266,-0.012218134248804913,-0.0027356563773235365,-0.006558271590444864,-0.0027537054454477294,0.5140353291317661,0.5140353291317661,0.0
18,5,0.01,0.443620977445501,0.4337722130496685,0.4416669545873564,-0.0019540228581446106,0.007894741537687877,-0.0012930796740028283,0.004090023455086689,0.5138251124148346,0.5243292917826681,0.010504179367833433
18,5,0.05,0.4449808639728835,0.43488338953548633,0.48807305385731337,0.043092189884429866,0.053189664321827035,0.024672560219890283,0.03150367228105533,0.5134245317064429,0.5638605920086415,0.050436060302198604
18,5,0.1,0.44515398781615967,0.4350520416588194,0.5454711125039614,0.10031712468780174,0.11041907084514202,0.0590496495672006,0.06619387130702514,0.5130448030911733,0.6127945361767111,0.0997497330855378
19,0,0.0,0.40868703638897774,0.3931283877785322,0.40255394006632683,-0.0061330963226509105,0.009425552287794625,-0.0034876142638128327,0.0035359377056131125,0.49795782478772965,0.49795782478772965,0.0
19,0,0.01,0.4098236937422858,0.3959828830089518,0.41701782574587565,0.00719413200358987,0.021034942736923856,0.0027973535347364242,0.009049278431927266,0.4980434333013085,0.5100718526528099,0.01202841935150134
19,0,0.05,0.41129981252902426,0.400069126939235,0.46828348095042227,0.056983668421398015,0.06821435401118725,0.026784227815061956,0.031924318895665826,0.4976200263434474,0.5532072623877382,0.05558723604429083
19,0,0.1,0.4124773604166809,0.40344332807461014,0.5302557849487094,0.11777842453202847,0.12681245687409926,0.058964873372756466,0.06306329132220811,0.49699889291194,0.6054043750053801,0.10840548209344014
19,1,0.0,0.3916125787216269,0.3892451624740003,0.38218240813121096,-0.009430170590415954,-0.007062754342789357,-0.005134253644202058,-0.003962535131635803,0.481244546269037,0.481244546269037,0.0
19,1,0.01,0.3885419469490379,0.38533102870777836,0.38931906431078656,0.0007771173617486804,0.0039880356030082,0.0001390534105873975,0.0010693624033376592,0.47949565512330117,0.48718587457352713,0.007690219450225966
19,1,0.05,0.3852946666841546,0.380795319935346,0.4327932981019489,0.04749863141779431,0.0519979781666029,0.0232278657943068,0.024397007360570155,0.47777254491759935,0.5237462256162653,0.04597368069866592
19,1,0.1,0.383252235167196,0.37765832585585535,0.49133340906414724,0.10808117389695127,0.1136750832082919,0.05496179038048299,0.05699699925754165,0.47672528453377927,0.5730357620022575,0.0963104774684782
19,2,0.0,0.4200845205177761,0.41095121664795675,0.413007861253022,-0.007076659264754093,0.002056644605065272,-0.002666367675136172,0.0009775860844457585,0.5002345741234024,0.5002345741234024,0.0
19,2,0.01,0.4231825138089993,0.4143983649444253,0.42518312126935254,0.002000607460353243,0.010784756324927258,-0.000596086468153012,0.0040067571908156685,0.5022129411262231,0.5104328727591693,0.008219931632946209
19,2,0.05,0.42587106114317175,0.4172977045356343,0.4739080544485045,0.04803699330533273,0.05661034991287017,0.02326832167772752,0.02749745797015446,0.5040451806767893,0.5517969330358861,0.04775175235909679
19,2,0.1,0.42690288501919005,0.41828654865232184,0.534492969240274,0.10759008422108396,0.11620642058795216,0.05950514175812183,0.06286849974130437,0.5049134363652938,0.6033675284885982,0.09845409212330436
19,3,0.0,0.39719743835474175,0.3897005567137912,0.38891859017532626,-0.008278848179415488,-0.0007819665384649621,-0.00417575019569949,-0.0009169912764183108,0.49089834419943934,0.49089834419943934,0.0
19,3,0.01,0.39909615034318513,0.39264299582752915,0.40541377116876376,0.006317620825578629,0.012770775341234608,0.002609148145739204,0.006365669380742345,0.49402977815266247,0.5048697568861539,0.010839978733491407
19,3,0.05,0.4022015405979984,0.3971506792447903,0.4580614277120394,0.055859887114040996,0.06091074846724909,0.028050201071907366,0.03137524301881689,0.49775069380659687,0.5490683539791088,0.051317660172511936
19,3,0.1,0.40520333556312904,0.40121750096139375,0.520454070662588,0.11525073509945893,0.11923656970119423,0.060873267009273424,0.06399400450154202,0.5004519237221594,0.6013262777671686,0.10087435404500922
19,4,0.0,0.4363477655023462,0.4313797108174884,0.42818334971285243,-0.008164415789493784,-0.0031963611046359475,-0.004113692248340461,-0.0013660065846373692,0.5243916116448788,0.5243916116448788,0.0
19,4,0.01,0.4377292959321185,0.4330979368157464,0.4386204454694438,0.0008911495373252754,0.005522508653697411,0.0007503971197032611,0.003620558957332154,0.524474127331344,0.5329675390499493,0.008493411718605293
19,4,0.05,0.43916011042017555,0.43506198569988486,0.4835593093447631,0.044399198924587546,0.04849732364487824,0.02618873929261356,0.02859339155151963,0.52357156970891,0.5703120902735158,0.04674052056460587
19,4,0.1,0.4398587245300476,0.4362214786033659,0.5405145155303426,0.10065579100029498,0.10429303692697667,0.05975625845273602,0.06036479732795241,0.5220806850847546,0.6177389520909964,0.0956582670062418
19,5,0.0,0.4351441756032377,0.4257585373945546,0.4271311060825769,-0.008013069520660832,0.0013725686880222687,-0.003515221946049918,0.0019397273174066587,0.500185419517359,0.500185419517359,0.0
19,5,0.01,0.42959269485994667,0.4201923886030394,0.43815617297383325,0.00856347811388658,0.017963784370793823,0.004415266651212946,0.010380537336477813,0.49992711185549354,0.5099824272563674,0.010055315400873899
19,5,0.05,0.42236413163939024,0.41306718701903444,0.48364794341509443,0.06128381177570419,0.07058075639605998,0.032685954771694115,0.03848747970194211,0.4993779755304606,0.5499659309351308,0.050587955404670204
19,5,0.1,0.4170537444955591,0.40793016987253483,0.5408085805153474,0.12375483601978832,0.13287841064281258,0.06868136843665873,0.07388333100819355,0.498799991961826,0.6000980759284118,0.1012980839665858
20,0,0.0,0.4142538387541833,0.41121220890879484,0.4126983632347734,-0.0015554755194099323,0.0014861543259785392,-0.005180446104013137,-0.003975420622495229,0.4964590806530741,0.4964590806530741,0.0
20,0,0.01,0.41050719483706877,0.40763014501372896,0.42486381759702496,0.014356622759956195,0.017233672583296,0.004108598135643016,0.005337526245062896,0.4951601977748449,0.5070991336073125,0.011938935832467634
20,0,0.05,0.40682752619421503,0.40361973203862245,0.47001571712449475,0.06318819093027972,0.0663959850858723,0.03190385591843414,0.03307378812756456,0.4949161504523131,0.546117995122067,0.05120184466975397
20,0,0.1,0.40496790575674557,0.40108890083205195,0.5260380869721779,0.12107018121543234,0.12494918614012596,0.06586360351010012,0.0683382455439202,0.4958053810159182,0.5944038912975813,0.09859851028166311
20,1,0.0,0.40458924047271483,0.3997209279554551,0.3930251370982064,-0.011564103374508417,-0.006695790857248696,-0.0050310899532648445,-0.0023793875990567592,0.48551851510022026,0.48551851510022026,0.0
20,1,0.01,0.4066396275171471,0.4013938944408131,0.40513991249557024,-0.001499715021576864,0.003746018054757161,0.0007880784033617028,0.002929297484176807,0.4865095695504712,0.49570427770892256,0.009194708158451359
20,1,0.05,0.4109780888229393,0.40503130957272226,0.45385900281807945,0.04288091399514016,0.048827693245357184,0.02365110519254887,0.0264296623916781,0.4888664848559815,0.536955289680168,0.04808880482418654
20,1,0.1,0.41551373258093194,0.4088873968261617,0.5148434006895587,0.09932966810862676,0.10595600386339699,0.054432956764721485,0.05720992968180294,0.4914876659921723,0.5886654709067161,0.09717780491454375
20,2,0.0,0.4008001832343874,0.38641910855704475,0.3905773424695962,-0.010222840764791186,0.0041582339125514345,-0.005657624922614901,0.0028103040240743393,0.4961783494376746,0.4961783494376746,0.0
20,2,0.01,0.4020948446484095,0.38808871645350995,0.4034334489695386,0.0013386043211290888,0.015344732516028636,-0.0006336758562131006,0.0075179295125492596,0.49747573618721475,0.5068661595456696,0.009390423358454858
20,2,0.05,0.405028692355606,0.3920985964152772,0.452774866874318,0.04774617451871199,0.06067627045904078,0.0233144589418125,0.0296309755017633,0.4993025107288437,0.5477777240518913,0.048475213323047606
20,2,0.1,0.4081960938322522,0.3965057709908232,0.5139272946602711,0.1057312008280189,0.11742152366944791,0.05598978510197761,0.06104222435988316,0.5008161250770569,0.5984569665359796,0.09764084145892271
20,3,0.0,0.43094079533331364,0.4251635531197334,0.4237860967109651,-0.007154698622348521,-0.0013774564087682961,-0.0032204054426150375,0.000771943799343866,0.48966572830045296,0.48966572830045296,0.0
20,3,0.01,0.42795753081020715,0.42167367314586623,0.434229724347301,0.006272193537093851,0.01255605120143477,0.001535820848597047,0.00551875290425119,0.4886396289714675,0.4988670786829307,0.010227449711463166
20,3,0.05,0.42305612556998196,0.416145897159347,0.4795355292065463,0.05647940363656434,0.06338963204719927,0.025521491190797052,0.030137162658259053,0.4873704606732775,0.5390469751033263,0.05167651443004884
20,3,0.1,0.4186331848744357,0.411283326802938,0.5369943465295242,0.11836116165508848,0.12571101972658616,0.059437218035351735,0.06439757627530551,0.48642956035690565,0.5900626277364758,0.10363306737957012
20,4,0.0,0.40068281573626996,0.3935302462972652,0.3913374093776525,-0.00934540635861747,-0.002192836919612695,-0.006339310127232434,-0.003191008792538308,0.49828662976413896,0.49828662976413896,0.0
20,4,0.01,0.39641050944526446,0.38884755441513863,0.4017077344354546,0.005297224990190141,0.01286018002031597,0.002485888357431465,0.006351159118457406,0.4974536450046073,0.5070566352546051,0.009602990249997778
20,4,0.05,0.3939784066963261,0.38573139807351087,0.4483802201623499,0.054401813466023796,0.06264882208883904,0.028490189145534806,0.03490007933014494,0.49693064477515425,0.5458257011829668,0.048895056407812554
20,4,0.1,0.3945608784839675,0.3856967720732625,0.5081373454228496,0.11357646693888213,0.12244057334958713,0.06200911718484825,0.06832090428855953,0.4969180912410318,0.595308697122312,0.09839060588128024
20,5,0.0,0.4507020499723514,0.44389335358774507,0.44339530910143665,-0.007306740870914763,-0.0004980444863084132,-0.0045089568988953,-0.0009021528133301704,0.5147046421069124,0.5147046421069124,0.0
20,5,0.01,0.44999591047775134,0.4429216537098931,0.45217907891092357,0.0021831684331722334,0.009257425201030456,-0.0008882391840129289,0.002583569492536242,0.5118226927930347,0.5223472060511005,0.010524513258065804
20,5,0.05,0.44821786106545136,0.4405951224690965,0.4931917598432243,0.044973898777772914,0.052596637374127786,0.021416635282132335,0.02490768651284503,0.508305860439991,0.5581854433725377,0.049879582932546684
20,5,0.1,0.4460241326865464,0.43785099588961296,0.5462416279279523,0.10021749524140589,0.10839063203833932,0.05268876617014184,0.056555285793191024,0.5056990745958254,0.6045733496267489,0.0988742750309235
21,0,0.0,0.4110998216159333,0.40234007052962173,0.4066644585746283,-0.004435363041304985,0.004324388045006566,-0.0006223481443110579,0.004646036384496011,0.5088655187793971,0.5088655187793971,0.0
21,0,0.01,0.406769730972104,0.39849487165555064,0.41709101654067027,0.010321285568566263,0.018596144885119625,0.008977544345513344,0.01345784523141913,0.505597888706678,0.5176101937284487,0.012012305021770753
21,0,0.05,0.4026497946696813,0.3953157117446363,0.46204345202183794,0.059393657352156626,0.06672774027720163,0.037701434042233806,0.04170936555560212,0.5016260319432864,0.5550358532272541,0.05340982128396776
21,0,0.1,0.40060026324473663,0.3941892282132904,0.5192507219769833,0.11865045873224667,0.1250614937636929,0.07191884195616416,0.07563417293627739,0.4987467933945393,0.6025988273393665,0.10385203394482723
21,1,0.0,0.4522044693179822,0.44652170884570097,0.44627605601435094,-0.0059284133036312525,-0.00024565283135002947,-0.004018335469436307,0.0008575263218343343,0.5203277020889211,0.5203277020889211,0.0
21,1,0.01,0.44888105935093225,0.44324514467745113,0.45351008269956183,0.0046290233486295795,0.010264938022110703,0.002565079709977991,0.007471597205287339,0.5165022640567918,0.5267343591979761,0.010232095141184283
21,1,0.05,0.44502110542027673,0.43945507799987316,0.4920610831382969,0.047039977718020154,0.05260600513842373,0.0260955156036784,0.030855649879224067,0.5117773255496983,0.5604053015651906,0.04862797601549229
21,1,0.1,0.44223327778973054,0.4367213731127729,0.5431640340794246,0.10093075628969406,0.10644266096665167,0.057070065529121305,0.061555290055677614,0.5081943452287905,0.604945858667139,0.09675151343834854
21,2,0.0,0.444694497018035,0.43892549910610723,0.4340834051150818,-0.010611091902953174,-0.00484209399102542,-0.005145690184275131,-0.0011681700637726777,0.509746958149758,0.509746958149758,0.0
21,2,0.01,0.44296710236518544,0.4364806985502905,0.4440859043098606,0.001118801944675174,0.007605205759570133,0.00044241852029791584,0.005085687974647923,0.5089160229153619,0.5184369676859636,0.009520944770601725
21,2,0.05,0.43985577877384074,0.4325271088252507,0.48765018945703065,0.0477944106831899,0.05512308063177995,0.024000797367535354,0.030365648983532667,0.5075271664702244,0.5562475317653541,0.048720365295129686
21,2,0.1,0.43682957563672375,0.4289500157584425,0.5431269613156686,0.10629738567894487,0.11417694555722613,0.0582042720362268,0.06363113037958656,0.5061837784126428,0.6043902839868289,0.09820650557418609
21,3,0.0,0.4216622518532468,0.41244033689398085,0.41335351499811324,-0.008308736855133558,0.0009131781041323839,-0.007025957481443856,-0.0019612897803251705,0.5038412960552763,0.5038412960552763,0.0
21,3,0.01,0.4291488339946372,0.41881029865491226,0.4246909707366592,-0.004457863257978034,0.005880672081746918,-0.003556792104794204,0.001398057503544714,0.5084730095773056,0.5131150768906041,0.004642067313298526
21,3,0.05,0.4377333198993888,0.4261630025183175,0.4721887389312377,0.0344554190318489,0.04602573641292018,0.019800220080374298,0.024563879422487167,0.5133029025913851,0.5530084459714016,0.03970554338001653
21,3,0.1,0.44324897418765674,0.43095704768013543,0.5320268575746981,0.0887778833870414,0.10106980989456271,0.05108177217336207,0.05718408384777063,0.5160378076490648,0.603514850684343,0.08747704303527815
21,4,0.0,0.4326020967113694,0.42867163074073,0.43215133514614734,-0.00045076156522205757,0.0034797044054173387,-0.0013092081711096881,-0.00043361255273743904,0.5155638594422369,0.5155638594422369,0.0
21,4,0.01,0.4356668158234255,0.4320685521503689,0.4426603087580838,0.006993492934658341,0.010591756607714942,0.002789123047155506,0.004185735509160904,0.5163487775874971,0.5244160201807362,0.008067242593239099
21,4,0.05,0.4386881960233141,0.43515232779484525,0.4876059444902803,0.04891774846696617,0.052453616695435024,0.025627888233753615,0.02674850625573766,0.5166548837181717,0.5627317457343428,0.046076862016171116
21,4,0.1,0.4401322945232642,0.43635757040271683,0.5444747241766648,0.10434242965340057,0.10811715377394793,0.057291831904491164,0.058149304470033636,0.5163160704343958,0.6113167690754411,0.09500069864104532
21,5,0.0,0.41150797050437204,0.4064205886234211,0.3976662577188488,-0.013841712785523264,-0.008754330904572338,-0.007466397255183166,-0.0048270688270477535,0.5016100949203318,0.5016100949203318,0.0
21,5,0.01,0.4110040986396615,0.4064388348424428,0.4057373044868693,-0.005266794152792187,-0.0007015303555735208,-0.002524972824430649,-0.0002569530869551695,0.5007754369501267,0.5083558324242554,0.007580395474128698
21,5,0.05,0.41054412429791254,0.4065605708482697,0.4501532440867866,0.03960911978887405,0.0435926732385169,0.021112830349679812,0.022982808599653515,0.498904798860316,0.5452737719279059,0.046368973067589914
21,5,0.1,0.41017058924030747,0.4065364047848631,0.5088520771108518,0.09868148787054432,0.1023156723259887,0.05218047199843412,0.05473464060334088,0.496763677080738,0.5940250886548073,0.09726141157406931
22,0,0.0,0.40942262344672165,0.40576471790423807,0.40503518001345984,-0.004387443433261806,-0.0007295378907782313,-0.0029738710924944733,-0.00031275153999932304,0.48416083499983475,0.48416083499983475,0.0
22,0,0.01,0.4107512405503798,0.40614759491187946,0.4175846562458968,0.006833415695516987,0.01143706133401734,0.003808939546821155,0.007442784262299829,0.4839355808678929,0.49495011185670035,0.011014530988807447
22,0,0.05,0.4135522173545887,0.4075258541731054,0.46463227598540646,0.05108005863081777,0.05710642181230108,0.024635751027816122,0.029286271525508334,0.4847311210656007,0.5357180272569413,0.05098690619134061
22,0,0.1,0.4164586115883001,0.40923925193804833,0.5229201345593082,0.10646152297100808,0.11368088262125986,0.05498276943524083,0.060098074061593176,0.48616525585363035,0.5863097509133546,0.10014449505972423
22,1,0.0,0.40588883175432033,0.39266273115509487,0.3922231462168221,-0.013665685537498251,-0.00043958493827278566,-0.007592668556123505,-0.002301562548602032,0.4829821177424901,0.4829821177424901,0.0
22,1,0.01,0.3995783754595058,0.3862890806318884,0.4052135778012008,0.0056352023416950114,0.018924497169312438,0.0009711268461225497,0.00765151671539499,0.4789078425347969,0.4940710142780814,0.01516317174328452
22,1,0.05,0.3926164200580503,0.3799427454819324,0.45459255079050653,0.061976130732456225,0.07464980530857412,0.030957823597886236,0.03758807212059767,0.4744385827266018,0.536170286934888,0.06173170420828622
22,1,0.1,0.38834745787791847,0.3766554476454357,0.5154856846940677,0.12713822681614928,0.13883023704863207,0.06699173368007583,0.0736184482214709,0.47169260441913685,0.5880750977726144,0.1163824933534775
22,2,0.0,0.43757426615306205,0.43421071950535417,0.43118997526826075,-0.0063842908848013025,-0.00302074423709342,-0.0019973270863399284,3.761157306070295e-05,0.5167984547384845,0.5167984547384845,0.0
22,2,0.01,0.4400379459245468,0.4381858326089467,0.44081013443356953,0.0007721885090227198,0.00262430182462281,0.002662267864058543,0.003916693726150222,0.5171907219332146,0.5249017665322117,0.007711044598997074
22,2,0.05,0.4434163346325313,0.4430061191690363,0.48502931023351625,0.04161297560098498,0.04202319106447994,0.02578117193924967,0.025430638291344065,0.5168859137593518,0.5624434524781732,0.0455575387188214
22,2,0.1,0.44597417795437244,0.44621325211190055,0.5417293653783793,0.0957551874240069,0.0955161132664788,0.05439602038037206,0.053807048524793455,0.515983815150376,0.6106460341716949,0.094662219021319
22,3,0.0,0.44715853792094784,0.43956677140028766,0.43757603438781545,-0.009582503533132392,-0.00199073701247221,-0.007639004284843098,-0.00428295937968004,0.5122283187396055,0.5122283187396055,0.0
22,3,0.01,0.4476547302817564,0.44112395407512095,0.45007267854536837,0.0024179482636119687,0.008948724470247416,-0.0006666298437399965,0.001883855062326023,0.5124310541110306,0.5231434660799774,0.010712411968946789
22,3,0.05,0.4470033137733218,0.44199404067880055,0.4964463161876356,0.049443002414313764,0.054452275508835024,0.026705827552917727,0.028590901295603266,0.5124126352631873,0.5635058604234686,0.051093225160281364
22,3,0.1,0.44559235362525074,0.44180909150290826,0.5533659481507988,0.10777359452554802,0.1115568566478905,0.061456910709362544,0.06275797035956487,0.5122322110962696,0.6130102832036934,0.10077807210742384
22,4,0.0,0.42732663972187923,0.42019632319116373,0.42481253032865374,-0.0025141093932254943,0.004616207137490003,-0.0019051592678390739,0.0022452407071945624,0.4909263509320806,0.4909263509320806,0.0
22,4,0.01,0.4265337909504612,0.42064851292973693,0.43590860565452594,0.00937481470406476,0.01526009272478901,0.0052248626996627134,0.009149984384702936,0.49359458969935444,0.500869071765829,0.007274482066474519
22,4,0.05,0.4253255009139,0.42100745782849225,0.48178958912100045,0.05646408820710047,0.0607821312925082,0.03284382676652742,0.03586604340852795,0.49736479637075404,0.5416458093370347,0.04428101296628062
22,4,0.1,0.4244216112292767,0.4212113945710241,0.5395407895423934,0.11511917831311669,0.1183293949713693,0.06636055353336312,0.06833937655656763,0.5004496692892381,0.5928944787759227,0.09244480948668465
22,5,0.0,0.42328622409518146,0.41897038334517334,0.4125812386193818,-0.010704985475799678,-0.006389144725791551,-0.007248464648735964,-0.004697988458490898,0.5177112973668645,0.5177112973668645,0.0
22,5,0.01,0.42812351122951575,0.4235886484739174,0.4248393208392378,-0.0032841903902779412,0.0012506723653203933,-0.002756575870652478,0.00039701298906991145,0.5200367848897507,0.5279188193762789,0.007882034486528244
22,5,0.05,0.4342793310334152,0.42931843552107296,0.4715283870255227,0.03724905599210748,0.04220995150444973,0.021421894294478272,0.024549521231463367,0.522496713858323,0.5665053868887759,0.04400867303045297
22,5,0.1,0.4387709308687533,0.43339138975254543,0.5295015388189127,0.09073060795015941,0.09611014906636728,0.052912651118793064,0.05620145508054408,0.5239425972483932,0.6143392926271893,0.09039669537879613
23,0,0.0,0.4110124006795366,0.4017676409454646,0.40369670833269766,-0.007315692346838931,0.0019290673872330855,-0.0028960579625957328,0.0009037163389787883,0.4892173443503567,0.4892173443503567,0.0
23,0,0.01,0.40997083787248134,0.3999093805000009,0.41451954396146706,0.004548706088985721,0.014610163461466152,0.004954018250046155,0.008190085855842244,0.4902136568701547,0.49866690012238013,0.008453243252225406
23,0,0.05,0.40947601459819727,0.3984027289097227,0.4605318350305342,0.05105582043233692,0.06212910612081146,0.03021223203358936,0.03397550245908687,0.49161264403574956,0.5383573487220961,0.046744704686346505
23,0,0.1,0.4097659302749759,0.39799149752280494,0.5189325698894343,0.10916663961445838,0.12094107236662932,0.06358357263243586,0.06902080474544292,0.4927078213521834,0.5886201386891273,0.09591231733694394
23,1,0.0,0.42652026673581445,0.42449335397510646,0.42139416739558,-0.005126099340234447,-0.0030991865795264584,-0.0026816295327528605,-0.0023105065647087697,0.5077972451481811,0.5077972451481811,0.0
23,1,0.01,0.4249693176134731,0.4220951216991262,0.42832945671534695,0.003360139101873827,0.006234335016220727,0.0010859627423976947,0.0018738516569599684,0.5093496775701607,0.5135894449923868,0.004239767422226093
23,1,0.05,0.42362020280337176,0.41954881975735336,0.46865717259128536,0.045036969787913606,0.049108352833932,0.02354445154896956,0.02554979317752415,0.5120158794841869,0.5478710996227537,0.03585522013856679
23,1,0.1,0.42304589710912444,0.41802345080989045,0.5228941499070934,0.09984825279796894,0.10487069909720292,0.05406292940066382,0.05673300173392626,0.5143803411790353,0.594080878966504,0.07970053778746866
23,2,0.0,0.4491107579056266,0.4409932380605267,0.43897778365795925,-0.010132974247667348,-0.0020154544025674515,-0.006117207333644181,-0.001976491316860951,0.5240494906536952,0.5240494906536952,0.0
23,2,0.01,0.4461107282544816,0.4378280552409264,0.4465835095005306,0.0004727812460489922,0.008755454259604223,-0.0013826833244025005,0.0034387242498481463,0.5214302020104553,0.5304126484941776,0.008982446483722262
23,2,0.05,0.4413743531632449,0.4329937204756218,0.4880805606838181,0.046706207520573195,0.05508684020819632,0.02528071919350816,0.030363326931474477,0.516680484583206,0.5655914375501472,0.048910952966941146
23,2,0.1,0.43700848037911466,0.42864881870716476,0.5427856560695603,0.10577717569044565,0.11413683736239555,0.06021250009063739,0.06479877057907524,0.5119286006589507,0.6120519684374139,0.1001233677784632
23,3,0.0,0.3986995982410432,0.38996343461488814,0.39124206043689325,-0.007457537804149927,0.0012786258220051083,-0.0027861316288556592,0.002189179062240476,0.49288371070240466,0.49288371070240466,0.0
23,3,0.01,0.39982860279777377,0.3923772780464937,0.40074179705259483,0.0009131942548210592,0.008364519006101134,0.003197358717396015,0.007381443266995413,0.4925697120094452,0.5006702869535936,0.008100574944148398
23,3,0.05,0.40267052218580957,0.3970047353640971,0.4462652110455483,0.04359468885973872,0.0492604756814512,0.028850145804024674,0.031231717530385672,0.49253191857325107,0.5384922242942841,0.045960305721033046
23,3,0.1,0.40571068359353224,0.4014424593010627,0.5053539295058928,0.09964324591236051,0.10391147020483005,0.060846805707338025,0.06259844439648188,0.4926954463006006,0.5876935726109359,0.09499812631033533
23,4,0.0,0.4041746615391886,0.39852629040756815,0.39624544208334833,-0.007929219455840242,-0.0022808483242198196,-0.0042707554946765924,-0.0010352873603344248,0.4984991168801095,0.4984991168801095,0.0
23,4,0.01,0.40309901691182004,0.3970018827618381,0.408275439995751,0.005176423083930959,0.011273557233912879,0.0017916279936571744,0.00504096201536397,0.4998023781562049,0.5084064637828267,0.008604085626621849
23,4,0.05,0.4026697353175658,0.3961013274205959,0.4565343408530934,0.05386460553552763,0.06043301343249752,0.025980875751973387,0.028703101403368958,0.5014946776826805,0.5484320538299375,0.046937376147257015
23,4,0.1,0.40315131786772984,0.3963250185052938,0.5169376342277825,0.11378631636005265,0.12061261572248871,0.05809742323667877,0.06033300987919754,0.5027742356737046,0.5986032130962043,0.09582897742249974
23,5,0.0,0.42746399051668216,0.42145105180598663,0.4150628596991408,-0.01240113081754135,-0.006388192106845825,-0.007367525909079964,-0.0039086164135402335,0.5040353032500506,0.5040353032500506,0.0
23,5,0.01,0.4230643604237946,0.41684004224952376,0.4233320748487539,0.00026771442495931996,0.006492032599230146,-0.0002929640555481283,0.002495239179583164,0.5042388334126215,0.510920418128241,0.006681584715619415
23,5,0.05,0.4171228939357309,0.4106225540403252,0.4657666701223765,0.048643776186645615,0.055144116082051275,0.02495761486285586,0.027997632696430075,0.5043617352476306,0.5468355687945441,0.042473833546913475
23,5,0.1,0.41245088907544813,0.40574388910606707,0.5215955576104293,0.10914466853498117,0.11585166850436224,0.05810569300951218,0.061089495193470955,0.5042084948507957,0.5942020131326379,0.08999351828184221
